customer_id,churn_probability,reason_codes,address_id,curr_ann_amt,days_tenure,cust_orig_date,age_in_years,date_of_birth,latitude,longitude,city,state,county,income,has_children,length_of_residence,marital_status,home_market_value,home_owner,college_degree,good_credit,acct_suspd_date,Churn
221302509093.0,0.8881611,"days_tenure, marital_status, income",521300908743.0,1012.642634,79.0,2022-09-14,40,1983-04-23,,,Dallas,TX,Dallas,5000.0,1.0,4.0,Married,75000 - 99999,0.0,0.0,0.0,,0
221303090588.0,0.879635,"days_tenure, age_in_years, marital_status",521301320148.0,892.196636,82.0,2022-09-11,40,1982-08-22,32.771193000000004,-97.382315,Fort Worth,TX,Tarrant,5000.0,1.0,8.0,Married,50000 - 74999,1.0,0.0,0.0,2022-09-16,1
221302916393.0,0.87463766,"days_tenure, age_in_years, marital_status",521301145953.0,1028.927397,84.0,2022-09-09,41,1982-01-20,32.727863,-96.799215,Dallas,TX,Dallas,5000.0,1.0,4.0,Married,100000 - 124999,0.0,0.0,0.0,2021-12-18,1
221300198132.0,0.8734035,"days_tenure, age_in_years, marital_status",521300075092.0,1167.539749,83.0,2022-09-10,40,1982-05-22,32.745087,-97.303947,Fort Worth,TX,Tarrant,5000.0,1.0,4.0,Married,25000 - 49999,1.0,0.0,0.0,2021-12-23,1
221301577372.0,0.8690551,"days_tenure, age_in_years, marital_status",521300571627.0,809.540269,124.0,2022-07-31,52,1971-02-24,32.68553,-97.346253,Fort Worth,TX,Tarrant,5000.0,1.0,4.0,Married,50000 - 74999,1.0,0.0,0.0,,0
221301898463.0,0.8682288,"days_tenure, age_in_years, marital_status",521300687907.0,928.976809,85.0,2022-09-08,41,1981-08-22,32.780815000000004,-97.39945,Fort Worth,TX,Tarrant,5000.0,1.0,15.0,Married,25000 - 49999,1.0,0.0,0.0,,0
221300140073.0,0.8681423,"days_tenure, age_in_years, marital_status",521300053108.0,934.636769,83.0,2022-09-10,40,1982-05-22,,,Dallas,TX,Dallas,5000.0,1.0,3.0,Married,25000 - 49999,0.0,0.0,0.0,2022-05-18,1
221302972400.0,0.86608624,"days_tenure, age_in_years, marital_status",521301201960.0,1012.987021,135.0,2022-07-20,36,1986-07-22,32.723474,-96.811734,Dallas,TX,Dallas,5000.0,1.0,3.0,Married,50000 - 74999,0.0,0.0,0.0,2022-05-09,1
221300027980.0,0.86448026,"days_tenure, age_in_years, marital_status",521300009885.0,1087.525365,125.0,2022-07-30,52,1970-11-25,32.744729,-97.307681,Fort Worth,TX,Tarrant,5000.0,1.0,13.0,Married,25000 - 49999,1.0,0.0,0.0,2021-12-30,1
221303121409.0,0.8637624,"days_tenure, age_in_years, marital_status",521301350970.0,973.13444,125.0,2022-07-30,52,1970-10-25,32.711218,-97.250402,Fort Worth,TX,Tarrant,5000.0,1.0,15.0,Married,50000 - 74999,1.0,0.0,0.0,2022-02-22,1
221303264498.0,0.8635179,"days_tenure, age_in_years, marital_status",521301494061.0,589.095626,82.0,2022-09-11,40,1982-08-22,,,Desoto,TX,Dallas,5000.0,1.0,0.0,Married,,0.0,0.0,0.0,,0
221300563190.0,0.86338097,"days_tenure, age_in_years, marital_status",521300208770.0,908.756595,81.0,2022-09-12,40,1982-11-22,32.750442,-96.763559,Dallas,TX,Dallas,5000.0,0.0,15.0,Married,75000 - 99999,1.0,0.0,0.0,2022-06-10,1
221300358869.0,0.8613748,"days_tenure, age_in_years, marital_status",521300135329.0,903.417291,110.0,2022-08-14,48,1974-10-24,32.692893,-97.33818,Fort Worth,TX,Tarrant,5000.0,1.0,15.0,Married,25000 - 49999,1.0,0.0,0.0,,0
221300072574.0,0.8612852,"days_tenure, age_in_years, college_degree",521300027050.0,879.55506,84.0,2022-09-09,41,1982-02-20,32.689001999999995,-97.327169,Fort Worth,TX,Tarrant,5000.0,1.0,9.0,Married,50000 - 74999,1.0,1.0,0.0,,0
221302266461.0,0.8609366,"days_tenure, age_in_years, marital_status",521300819655.0,912.227767,136.0,2022-07-19,36,1986-05-21,,,Dallas,TX,Dallas,5000.0,1.0,0.0,Married,,0.0,0.0,0.0,2022-07-18,1
221302547836.0,0.86068124,"days_tenure, age_in_years, marital_status",521300923387.0,1115.575145,111.0,2022-08-13,48,1974-08-24,32.748178,-96.783999,Dallas,TX,Dallas,5000.0,1.0,2.0,Married,25000 - 49999,1.0,0.0,0.0,,0
221300417502.0,0.86050516,"days_tenure, age_in_years, marital_status",521300156575.0,1049.196445,86.0,2022-09-07,41,1981-07-23,,,Dallas,TX,Dallas,5000.0,1.0,4.0,Married,75000 - 99999,0.0,0.0,0.0,,0
221301275767.0,0.8604567,"days_tenure, age_in_years, marital_status",521300465309.0,678.814275,125.0,2022-07-30,52,1970-11-25,32.757099,-96.811643,Dallas,TX,Dallas,5000.0,1.0,15.0,Married,50000 - 74999,1.0,0.0,0.0,,0
221301542988.0,0.86003786,"days_tenure, age_in_years, income",521300559794.0,743.166051,82.0,2022-09-11,40,1982-07-23,,,Dallas,TX,Dallas,17500.0,1.0,0.0,Married,,0.0,0.0,0.0,2022-11-28,1
221301255913.0,0.8598205,"days_tenure, age_in_years, marital_status",521300457700.0,610.147254,86.0,2022-09-07,41,1981-06-22,32.713839,-96.812911,Dallas,TX,Dallas,5000.0,1.0,15.0,Married,50000 - 74999,1.0,0.0,0.0,,0
221301317702.0,0.8592816,"days_tenure, age_in_years, marital_status",521300480594.0,1200.132842,136.0,2022-07-19,36,1986-05-21,32.705853,-97.271926,Fort Worth,TX,Tarrant,5000.0,1.0,15.0,Married,25000 - 49999,1.0,0.0,0.0,2022-10-14,1
221303242737.0,0.8592751,"days_tenure, age_in_years, marital_status",521301472299.0,867.795357,160.0,2022-06-25,40,1983-02-21,32.731682,-96.675948,Dallas,TX,Dallas,5000.0,0.0,7.0,Married,50000 - 74999,1.0,0.0,0.0,,0
221301416608.0,0.8589445,"days_tenure, age_in_years, marital_status",521300515653.0,1100.621867,134.0,2022-07-21,36,1986-08-21,32.713127,-97.267883,Fort Worth,TX,Tarrant,5000.0,1.0,15.0,Married,25000 - 49999,1.0,0.0,0.0,2022-03-15,1
221302978254.0,0.85870725,"days_tenure, age_in_years, marital_status",521301207814.0,854.674267,111.0,2022-08-13,48,1974-08-24,32.740682,-96.758996,Dallas,TX,Dallas,5000.0,1.0,9.0,Married,50000 - 74999,1.0,0.0,0.0,2022-10-31,1
221302416240.0,0.85863817,"days_tenure, age_in_years, marital_status",521300875418.0,578.816603,160.0,2022-06-25,40,1983-01-21,,,Dallas,TX,Dallas,5000.0,1.0,0.0,Married,,0.0,0.0,0.0,,0
221303071228.0,0.85820675,"days_tenure, age_in_years, marital_status",521301300788.0,873.496443,128.0,2022-07-27,35,1987-06-22,32.768318,-96.743117,Dallas,TX,Dallas,5000.0,1.0,1.0,Married,50000 - 74999,0.0,0.0,0.0,2022-08-14,1
221301969410.0,0.85642505,"days_tenure, age_in_years, marital_status",521300713177.0,1113.805776,110.0,2022-08-14,48,1974-10-24,32.711921,-97.409994,Fort Worth,TX,Tarrant,5000.0,1.0,1.0,Married,25000 - 49999,1.0,0.0,0.0,2022-03-24,1
221301277170.0,0.85641456,"days_tenure, age_in_years, marital_status",521300465857.0,946.728641,125.0,2022-07-30,52,1970-11-25,,,Dallas,TX,Dallas,5000.0,1.0,10.0,Married,75000 - 99999,0.0,0.0,0.0,,0
221302449479.0,0.8560693,"days_tenure, age_in_years, marital_status",521300887546.0,953.481329,110.0,2022-08-14,48,1974-11-24,32.726572,-96.686236,Dallas,TX,Dallas,5000.0,1.0,15.0,Married,50000 - 74999,1.0,0.0,0.0,,0
221301010777.0,0.8560637,"days_tenure, age_in_years, marital_status",521300370453.0,703.877431,123.0,2022-08-01,52,1971-04-26,32.790948,-97.366732,Fort Worth,TX,Tarrant,5000.0,1.0,9.0,Married,50000 - 74999,1.0,0.0,0.0,2022-09-08,1
221301728584.0,0.8560337,"days_tenure, age_in_years, marital_status",521300627335.0,726.530021,103.0,2022-08-21,32,1990-12-21,32.771468,-96.749675,Dallas,TX,Dallas,5000.0,0.0,15.0,Married,25000 - 49999,1.0,0.0,0.0,2022-09-13,1
221300016306.0,0.85570574,"days_tenure, age_in_years, income",521300005401.0,983.09486,81.0,2022-09-12,40,1982-10-22,32.71864,-96.646833,Dallas,TX,Dallas,17500.0,0.0,15.0,Married,50000 - 74999,1.0,0.0,0.0,,0
221302545326.0,0.8554946,"days_tenure, age_in_years, marital_status",521300922486.0,1032.526481,114.0,2022-08-10,49,1973-11-24,32.712849,-97.317176,Fort Worth,TX,Tarrant,5000.0,1.0,15.0,Married,25000 - 49999,1.0,0.0,0.0,2022-03-29,1
221302415464.0,0.8554545,"days_tenure, age_in_years, marital_status",521300875117.0,734.571429,126.0,2022-07-29,52,1970-06-25,32.740894999999995,-96.801932,Dallas,TX,Dallas,5000.0,0.0,13.0,Married,50000 - 74999,1.0,0.0,0.0,2022-10-14,1
221301238387.0,0.85539544,"days_tenure, age_in_years, income",521300451051.0,914.233476,122.0,2022-08-02,51,1971-09-26,32.802234,-97.324187,Fort Worth,TX,Tarrant,27500.0,1.0,15.0,Married,50000 - 74999,1.0,0.0,0.0,2022-04-25,1
221301478985.0,0.85500073,"days_tenure, age_in_years, marital_status",521300537357.0,657.630742,121.0,2022-08-03,51,1971-10-26,32.704265,-97.336276,Fort Worth,TX,Tarrant,5000.0,1.0,15.0,Married,50000 - 74999,1.0,0.0,0.0,2022-07-16,1
221302026720.0,0.8547425,"days_tenure, age_in_years, income",521300733574.0,849.387133,134.0,2022-07-21,36,1986-09-21,32.67197,-97.396549,Fort Worth,TX,Tarrant,27500.0,1.0,2.0,Married,75000 - 99999,1.0,0.0,0.0,,0
221301982967.0,0.85434353,"days_tenure, age_in_years, home_value_lower",521300718005.0,796.587744,84.0,2022-09-09,41,1981-11-22,,,Dallas,TX,Dallas,5000.0,1.0,3.0,Married,125000 - 149999,0.0,0.0,0.0,2022-01-02,1
221300246860.0,0.8541693,"days_tenure, age_in_years, marital_status",521300093174.0,1140.313788,143.0,2022-07-12,37,1985-06-21,32.744079,-97.303915,Fort Worth,TX,Tarrant,5000.0,1.0,15.0,Married,25000 - 49999,1.0,0.0,0.0,2022-06-01,1
221301208396.0,0.85367244,"days_tenure, age_in_years, income",521300439975.0,973.3102,121.0,2022-08-03,51,1971-10-26,32.725193,-97.282973,Fort Worth,TX,Tarrant,27500.0,0.0,13.0,Married,50000 - 74999,1.0,0.0,0.0,,0
221301273015.0,0.8533348,"days_tenure, age_in_years, marital_status",521300464241.0,973.59338,157.0,2022-06-28,39,1983-06-23,32.707510000000006,-97.278233,Fort Worth,TX,Tarrant,5000.0,1.0,10.0,Married,25000 - 49999,0.0,0.0,0.0,2022-02-27,1
221301252636.0,0.85311496,"days_tenure, age_in_years, marital_status",521300456455.0,861.625992,121.0,2022-08-03,51,1971-10-26,32.724274,-96.621003,Balch Springs,TX,Dallas,5000.0,1.0,11.0,Married,50000 - 74999,1.0,0.0,0.0,,0
221301359831.0,0.85282576,"days_tenure, age_in_years, marital_status",521300495790.0,1049.486885,121.0,2022-08-03,51,1971-11-26,32.822384,-96.827412,Dallas,TX,Dallas,5000.0,1.0,8.0,Married,100000 - 124999,1.0,0.0,0.0,2022-04-21,1
221301395215.0,0.8525216,"days_tenure, age_in_years, college_degree",521300508621.0,831.721187,85.0,2022-09-08,41,1981-09-22,32.754914,-96.816428,Dallas,TX,Dallas,5000.0,1.0,9.0,Married,25000 - 49999,1.0,1.0,0.0,2022-09-16,1
221301864103.0,0.85246545,"days_tenure, income, college_degree",521300674850.0,872.050292,79.0,2022-09-14,40,1983-04-23,32.702043,-97.110706,Arlington,TX,Tarrant,12500.0,1.0,15.0,Married,50000 - 74999,1.0,1.0,0.0,,0
221300350386.0,0.8521991,"days_tenure, age_in_years, marital_status",521300132040.0,685.658825,110.0,2022-08-14,48,1974-12-25,32.744629,-96.696217,Dallas,TX,Dallas,5000.0,1.0,15.0,Married,75000 - 99999,1.0,0.0,0.0,2022-01-18,1
221301493178.0,0.85188144,"days_tenure, age_in_years, marital_status",521300542502.0,1051.859323,110.0,2022-08-14,48,1974-12-25,32.739517,-97.259605,Fort Worth,TX,Tarrant,5000.0,1.0,15.0,Married,50000 - 74999,1.0,0.0,0.0,,0
221301010203.0,0.8516963,"days_tenure, age_in_years, marital_status",521300370230.0,905.591125,126.0,2022-07-29,52,1970-07-26,32.785899,-97.300275,Fort Worth,TX,Tarrant,5000.0,0.0,15.0,Married,50000 - 74999,1.0,0.0,0.0,2022-05-11,1
221301107041.0,0.8516452,"days_tenure, age_in_years, marital_status",521300404467.0,789.085914,116.0,2022-08-08,49,1973-05-24,32.758879,-96.745237,Dallas,TX,Dallas,5000.0,1.0,15.0,Married,25000 - 49999,1.0,0.0,0.0,,0
221301979228.0,0.8510376,"days_tenure, income, marital_status",521300716943.0,1133.255029,79.0,2022-09-14,40,1983-04-23,,,Dallas,TX,Dallas,32500.0,1.0,0.0,Married,,0.0,0.0,1.0,2022-07-26,1
221300450926.0,0.85070264,"days_tenure, age_in_years, marital_status",521300168542.0,903.446376,113.0,2022-08-11,49,1973-12-25,32.739778,-96.79914,Dallas,TX,Dallas,5000.0,1.0,9.0,Married,50000 - 74999,1.0,0.0,0.0,2022-03-31,1
221303233070.0,0.85049695,"days_tenure, age_in_years, marital_status",521301462632.0,644.44889,125.0,2022-07-30,35,1987-12-23,32.754458,-97.450171,Fort Worth,TX,Tarrant,5000.0,1.0,8.0,Married,25000 - 49999,0.0,0.0,0.0,2022-03-10,1
221301028951.0,0.8504224,"days_tenure, age_in_years, marital_status",521300376208.0,719.241568,120.0,2022-08-04,51,1972-03-25,32.789626,-97.354832,Fort Worth,TX,Tarrant,5000.0,1.0,8.0,Married,50000 - 74999,1.0,0.0,0.0,2022-09-13,1
221302491062.0,0.85041195,"days_tenure, age_in_years, college_degree",521300902100.0,1005.352513,86.0,2022-09-07,41,1981-07-23,32.77861,-96.688329,Dallas,TX,Dallas,5000.0,1.0,1.0,Married,75000 - 99999,1.0,1.0,0.0,,0
221301053565.0,0.85033417,"days_tenure, age_in_years, marital_status",521300385046.0,928.324712,75.0,2022-09-18,28,1994-09-19,32.757477,-97.313433,Fort Worth,TX,Tarrant,5000.0,1.0,11.0,Married,25000 - 49999,1.0,0.0,0.0,2022-01-31,1
221303241604.0,0.8502041,"days_tenure, age_in_years, income",521301471166.0,798.56611,120.0,2022-08-04,51,1972-03-25,32.725942,-96.682594,Dallas,TX,Dallas,27500.0,1.0,4.0,Married,50000 - 74999,1.0,0.0,0.0,,0
221301095486.0,0.8499065,"days_tenure, age_in_years, college_degree",521300400274.0,906.225923,126.0,2022-07-29,52,1970-07-26,32.755571,-97.356128,Fort Worth,TX,Tarrant,5000.0,1.0,3.0,Married,25000 - 49999,1.0,1.0,0.0,2022-07-12,1
221302010890.0,0.8493687,"days_tenure, age_in_years, marital_status",521300728191.0,769.180998,120.0,2022-08-04,51,1972-03-25,,,Fort Worth,TX,Tarrant,5000.0,1.0,2.0,Married,25000 - 49999,1.0,0.0,0.0,,0
221301664861.0,0.8492925,"days_tenure, age_in_years, marital_status",521300604239.0,997.572409,115.0,2022-08-09,49,1973-07-25,32.700111,-97.26923,Fort Worth,TX,Tarrant,5000.0,1.0,14.0,Married,50000 - 74999,1.0,0.0,0.0,2022-02-09,1
221301581842.0,0.84926534,"days_tenure, age_in_years, marital_status",521300573204.0,882.790157,89.0,2022-09-04,42,1980-07-24,32.721302,-97.273901,Fort Worth,TX,Tarrant,5000.0,1.0,12.0,Married,25000 - 49999,1.0,0.0,0.0,,0
221301226255.0,0.847665,"days_tenure, age_in_years, marital_status",521300446420.0,800.793796,121.0,2022-08-03,51,1971-10-26,,,Dallas,TX,Dallas,5000.0,1.0,6.0,Married,25000 - 49999,0.0,0.0,0.0,,0
221300503112.0,0.8475831,"days_tenure, age_in_years, college_degree",521300187112.0,878.981791,123.0,2022-08-01,52,1971-03-26,32.786647,-96.846969,Dallas,TX,Dallas,5000.0,1.0,9.0,Married,50000 - 74999,1.0,1.0,0.0,,0
221301201199.0,0.84716874,"days_tenure, age_in_years, marital_status",521300437554.0,1150.501811,113.0,2022-08-11,49,1974-01-22,32.719165000000004,-97.288582,Fort Worth,TX,Tarrant,5000.0,1.0,15.0,Married,50000 - 74999,1.0,0.0,0.0,2022-06-15,1
221301501522.0,0.8467892,"days_tenure, age_in_years, marital_status",521300545210.0,684.160169,85.0,2022-09-08,41,1981-08-22,32.68939,-97.37679,Fort Worth,TX,Tarrant,187500.0,0.0,15.0,Married,100000 - 124999,1.0,0.0,1.0,2022-07-21,1
221300665714.0,0.84663194,"days_tenure, age_in_years, marital_status",521300245286.0,962.530467,117.0,2022-08-07,50,1973-01-22,32.739906000000005,-96.789424,Dallas,TX,Dallas,5000.0,1.0,15.0,Married,50000 - 74999,1.0,0.0,0.0,,0
221303064405.0,0.8466012,"days_tenure, age_in_years, marital_status",521301293965.0,780.090796,87.0,2022-09-06,42,1981-03-22,32.679987,-97.360446,Fort Worth,TX,Tarrant,5000.0,1.0,6.0,Married,50000 - 74999,1.0,0.0,0.0,2022-09-11,1
221303161323.0,0.8462328,"days_tenure, age_in_years, marital_status",521301390885.0,1140.989113,112.0,2022-08-12,48,1974-06-24,32.715981,-97.321035,Fort Worth,TX,Tarrant,5000.0,1.0,15.0,Married,25000 - 49999,1.0,1.0,0.0,,0
221301730495.0,0.8462174,"days_tenure, marital_status, home_value_upper",521300628080.0,534.623766,79.0,2022-09-14,40,1983-04-23,32.844120000000004,-96.81312,Dallas,TX,Dallas,187500.0,0.0,1.0,Single,500000 - 749999,0.0,0.0,1.0,2022-08-10,1
221301039266.0,0.84613615,"days_tenure, age_in_years, marital_status",521300379566.0,616.806646,85.0,2022-09-08,41,1981-08-22,32.788396,-97.384565,Fort Worth,TX,Tarrant,5000.0,1.0,1.0,Married,25000 - 49999,1.0,1.0,0.0,2021-12-17,1
221301864878.0,0.8459133,"days_tenure, age_in_years, marital_status",521300675162.0,584.101389,84.0,2022-09-09,41,1981-12-23,32.805559,-96.745758,Dallas,TX,Dallas,5000.0,1.0,10.0,Married,25000 - 49999,1.0,1.0,0.0,,0
221301363794.0,0.84591,"days_tenure, age_in_years, college_degree",521300497004.0,699.39959,81.0,2022-09-12,40,1982-09-22,,,Dallas,TX,Dallas,5000.0,1.0,2.0,Married,50000 - 74999,0.0,1.0,0.0,,0
221303190496.0,0.84559494,"days_tenure, income, home_value_lower",521301420058.0,843.466983,79.0,2022-09-14,40,1983-04-23,32.951317,-96.796093,Dallas,TX,Dallas,250000.0,1.0,4.0,Married,200000 - 224999,1.0,0.0,1.0,,0
221301713994.0,0.8454662,"days_tenure, age_in_years, marital_status",521300621824.0,799.08378,112.0,2022-08-12,49,1974-04-24,,,Fort Worth,TX,Tarrant,5000.0,1.0,13.0,Married,50000 - 74999,0.0,0.0,0.0,,0
221302450888.0,0.8451736,"days_tenure, income, marital_status",521300888091.0,489.493517,79.0,2022-09-14,40,1983-04-23,32.722731,-96.68855,Dallas,TX,Dallas,5000.0,1.0,13.0,Single,25000 - 49999,1.0,0.0,0.0,2022-05-23,1
221301400328.0,0.8450254,"days_tenure, age_in_years, income",521300510205.0,881.770309,67.0,2022-09-26,27,1995-11-20,32.654251,-96.773779,Dallas,TX,Dallas,27500.0,1.0,3.0,Married,50000 - 74999,0.0,0.0,0.0,,0
221300250456.0,0.8447488,"days_tenure, income, marital_status",521300094576.0,1266.705952,79.0,2022-09-14,40,1983-04-23,32.865003,-97.537829,Azle,TX,Tarrant,32500.0,0.0,3.0,Married,75000 - 99999,1.0,0.0,1.0,,0
221300093499.0,0.8439415,"days_tenure, age_in_years, marital_status",521300035483.0,778.576981,83.0,2022-09-10,40,1982-05-22,32.735048000000006,-96.683415,Dallas,TX,Dallas,5000.0,1.0,12.0,Single,50000 - 74999,1.0,0.0,0.0,2022-01-29,1
221300666245.0,0.8437598,"days_tenure, age_in_years, college_degree",521300245484.0,913.931832,121.0,2022-08-03,51,1971-12-27,32.727304000000004,-97.324674,Fort Worth,TX,Tarrant,5000.0,1.0,15.0,Married,50000 - 74999,1.0,1.0,0.0,2022-11-23,1
221301439648.0,0.84368336,"days_tenure, age_in_years, marital_status",521300523572.0,1192.82808,114.0,2022-08-10,49,1973-11-24,32.708621,-97.271586,Fort Worth,TX,Tarrant,5000.0,1.0,9.0,Married,75000 - 99999,1.0,0.0,0.0,2022-11-28,1
221302723683.0,0.84357077,"days_tenure, income, marital_status",521300986511.0,663.447704,79.0,2022-09-14,40,1983-04-23,,,Dallas,TX,Dallas,27500.0,1.0,0.0,Single,75000 - 99999,0.0,0.0,0.0,,0
221300520486.0,0.8432614,"days_tenure, age_in_years, marital_status",521300193413.0,982.190609,52.0,2022-10-11,32,1990-11-20,,,Dallas,TX,Dallas,187500.0,0.0,0.0,Married,,0.0,0.0,1.0,2022-09-10,1
221303043668.0,0.84310186,"days_tenure, age_in_years, marital_status",521301273228.0,1106.440084,119.0,2022-08-05,51,1972-04-25,32.742024,-96.87925,Dallas,TX,Dallas,5000.0,1.0,1.0,Married,25000 - 49999,1.0,0.0,0.0,,0
221300031490.0,0.84274906,"days_tenure, age_in_years, college_degree",521300011293.0,604.307477,123.0,2022-08-01,52,1971-04-26,32.684928,-97.333486,Fort Worth,TX,Tarrant,5000.0,1.0,15.0,Married,25000 - 49999,1.0,1.0,0.0,,0
221301080809.0,0.84271383,"days_tenure, age_in_years, marital_status",521300394730.0,870.259947,120.0,2022-08-04,51,1972-02-24,32.697128,-96.7872,Dallas,TX,Dallas,5000.0,0.0,2.0,Married,25000 - 49999,1.0,0.0,0.0,2022-02-17,1
221301931555.0,0.84243,"days_tenure, age_in_years, income",521300700073.0,1044.531502,136.0,2022-07-19,36,1986-05-21,32.720855,-96.823146,Dallas,TX,Dallas,17500.0,1.0,14.0,Married,75000 - 99999,1.0,0.0,0.0,,0
221301182899.0,0.8423707,"days_tenure, age_in_years, marital_status",521300431237.0,865.919808,81.0,2022-09-12,40,1982-12-23,32.689379,-97.258552,Fort Worth,TX,Tarrant,5000.0,1.0,1.0,Single,75000 - 99999,0.0,0.0,0.0,,0
221302992719.0,0.8421566,"days_tenure, age_in_years, marital_status",521301222279.0,1101.602427,89.0,2022-09-04,42,1980-08-23,32.716424,-97.29166,Fort Worth,TX,Tarrant,5000.0,1.0,14.0,Married,25000 - 49999,1.0,0.0,0.0,,0
221303033502.0,0.84204054,"days_tenure, income, age_in_years",521301263062.0,944.29169,82.0,2022-09-11,40,1982-08-22,32.720465000000004,-97.271404,Fort Worth,TX,Tarrant,22500.0,1.0,4.0,Married,25000 - 49999,0.0,0.0,0.0,2022-07-24,1
221301316783.0,0.841985,"days_tenure, age_in_years, marital_status",521300480271.0,988.406426,53.0,2022-10-10,32,1990-07-21,32.795057,-96.73448,Dallas,TX,Dallas,5000.0,1.0,15.0,Married,25000 - 49999,1.0,0.0,0.0,2022-06-14,1
221300046391.0,0.8419154,"days_tenure, age_in_years, college_degree",521300016947.0,731.323221,126.0,2022-07-29,52,1970-07-26,32.738526,-96.665412,Dallas,TX,Dallas,5000.0,1.0,8.0,Married,50000 - 74999,1.0,1.0,0.0,,0
221300977222.0,0.8418972,"days_tenure, income, marital_status",521300358968.0,1069.222691,79.0,2022-09-14,40,1983-04-23,32.658842,-96.780093,Dallas,TX,Dallas,32500.0,0.0,15.0,Married,50000 - 74999,1.0,0.0,0.0,2022-10-01,1
221301887309.0,0.84167403,"days_tenure, income, age_in_years",521300683519.0,898.819316,82.0,2022-09-11,40,1982-06-22,32.788741,-96.754568,Dallas,TX,Dallas,12500.0,1.0,15.0,Married,50000 - 74999,1.0,0.0,0.0,,0
221301397505.0,0.84160924,"days_tenure, income, age_in_years",521300509366.0,750.209594,160.0,2022-06-25,40,1983-02-21,32.693399,-97.358497,Fort Worth,TX,Tarrant,12500.0,1.0,2.0,Married,25000 - 49999,1.0,0.0,0.0,2022-01-10,1
221303180650.0,0.8416068,"days_tenure, age_in_years, home_value_lower",521301410212.0,1090.755206,125.0,2022-07-30,52,1970-09-25,32.770294,-96.703949,Dallas,TX,Dallas,5000.0,1.0,10.0,Married,125000 - 149999,1.0,0.0,0.0,,0
221302773404.0,0.8414642,"days_tenure, age_in_years, income",521301005990.0,891.807775,114.0,2022-08-10,49,1973-09-24,32.780793,-97.295611,Fort Worth,TX,Tarrant,27500.0,1.0,2.0,Married,50000 - 74999,1.0,0.0,0.0,2022-07-21,1
221303274945.0,0.8414022,"days_tenure, age_in_years, marital_status",521301504508.0,972.560818,111.0,2022-08-13,48,1974-09-24,32.760897,-96.641107,Dallas,TX,Dallas,5000.0,1.0,15.0,Married,50000 - 74999,1.0,1.0,0.0,2022-01-31,1
221303292510.0,0.84135246,"days_tenure, age_in_years, marital_status",521301522073.0,1089.154794,83.0,2022-09-10,41,1982-03-22,32.665234,-97.356494,,TX,,5000.0,1.0,5.0,Married,50000 - 74999,1.0,0.0,0.0,2022-02-25,1
221300138986.0,0.8412362,"days_tenure, age_in_years, marital_status",521300052681.0,721.627588,107.0,2022-08-17,32,1990-05-20,32.690926999999995,-97.326913,Fort Worth,TX,Tarrant,5000.0,1.0,6.801,Single,25000 - 49999,0.0,0.0,0.0,,0
221302739267.0,0.8411549,"days_tenure, age_in_years, marital_status",521300991612.0,749.059165,90.0,2022-09-03,42,1980-06-23,,,Dallas,TX,Dallas,5000.0,1.0,0.0,Married,,0.0,0.0,0.0,,0
221300940338.0,0.8411447,"days_tenure, age_in_years, marital_status",521300345898.0,806.448873,121.0,2022-08-03,51,1971-12-27,32.728335,-97.22526,Fort Worth,TX,Tarrant,5000.0,0.0,15.0,Married,25000 - 49999,1.0,0.0,0.0,,0
221301338362.0,0.84112126,"days_tenure, age_in_years, marital_status",521300487699.0,1241.388918,85.0,2022-09-08,41,1981-10-22,32.803157,-97.346109,Fort Worth,TX,Tarrant,5000.0,1.0,10.0,Married,25000 - 49999,1.0,1.0,0.0,,0
221300049604.0,0.8403222,"days_tenure, age_in_years, marital_status",521300018201.0,891.783989,117.0,2022-08-07,50,1973-01-22,32.717064,-97.307853,Fort Worth,TX,Tarrant,5000.0,1.0,4.0,Married,25000 - 49999,1.0,0.0,0.0,,0
221302207395.0,0.8402483,"days_tenure, age_in_years, college_degree",521300797800.0,1052.994995,124.0,2022-07-31,52,1971-02-24,32.761081,-96.71465,Dallas,TX,Dallas,5000.0,1.0,15.0,Married,75000 - 99999,1.0,1.0,0.0,2021-12-16,1
221303204306.0,0.8400483,"days_tenure, age_in_years, marital_status",521301433868.0,759.770678,121.0,2022-08-03,51,1971-11-26,32.745252,-97.108034,Arlington,TX,Tarrant,5000.0,0.0,15.0,Married,50000 - 74999,1.0,0.0,0.0,,0
221303073015.0,0.83995754,"days_tenure, income, marital_status",521301302575.0,1147.379,79.0,2022-09-14,40,1983-04-23,32.682815,-97.205904,Arlington,TX,Tarrant,125000.0,1.0,2.0,Married,100000 - 124999,1.0,0.0,1.0,,0
221301280788.0,0.83984333,"days_tenure, age_in_years, marital_status",521300466992.0,1005.228868,113.0,2022-08-11,49,1973-12-25,32.753175,-96.822497,Dallas,TX,Dallas,5000.0,0.0,15.0,Married,25000 - 49999,1.0,0.0,0.0,,0
221302812069.0,0.83953166,"days_tenure, age_in_years, marital_status",521301041629.0,856.182893,126.0,2022-07-29,52,1970-07-26,32.705322,-97.322613,Fort Worth,TX,Tarrant,5000.0,1.0,4.0,Single,25000 - 49999,1.0,0.0,0.0,,0
221300616154.0,0.83950746,"days_tenure, income, home_value_lower",521300227958.0,709.415745,79.0,2022-09-14,40,1983-04-23,,,Arlington,TX,Tarrant,17500.0,1.0,3.0,Married,125000 - 149999,1.0,0.0,1.0,2022-07-23,1
221300613669.0,0.83939594,"days_tenure, age_in_years, marital_status",521300227040.0,901.173365,91.0,2022-09-02,43,1979-12-25,32.71698,-97.336991,Fort Worth,TX,Tarrant,5000.0,1.0,4.0,Married,25000 - 49999,0.0,0.0,0.0,2022-05-30,1
221301392268.0,0.83888733,"days_tenure, age_in_years, home_value_lower",521300507485.0,992.367161,111.0,2022-08-13,48,1974-08-24,,,Dallas,TX,Dallas,5000.0,1.0,4.0,Married,125000 - 149999,0.0,0.0,0.0,,0
221301538977.0,0.8387607,"days_tenure, age_in_years, income",521300558283.0,508.857705,122.0,2022-08-02,51,1971-06-26,32.71552500000001,-97.16328,Arlington,TX,Tarrant,5000.0,1.0,4.0,Married,100000 - 124999,0.0,0.0,0.0,2022-11-25,1
221302162681.0,0.83869356,"days_tenure, age_in_years, home_value_upper",521300781964.0,942.030987,132.0,2022-07-23,36,1986-11-21,,,Irving,TX,Dallas,187500.0,1.0,3.0,Married,500000 - 749999,0.0,0.0,1.0,,0
221301639268.0,0.83855677,"days_tenure, age_in_years, college_degree",521300594713.0,1030.677891,122.0,2022-08-02,51,1971-06-26,32.78752,-97.357902,Fort Worth,TX,Tarrant,5000.0,1.0,12.0,Married,25000 - 49999,1.0,1.0,0.0,,0
221301916365.0,0.8379349,"days_tenure, age_in_years, income",521300694797.0,696.936491,125.0,2022-07-30,52,1970-09-25,,,Fort Worth,TX,Tarrant,5000.0,0.0,0.0,Married,,0.0,0.0,1.0,,0
221303047802.0,0.8377046,"days_tenure, age_in_years, marital_status",521301277362.0,912.217004,88.0,2022-09-05,42,1980-12-23,32.703389,-97.276119,Fort Worth,TX,Tarrant,5000.0,0.0,12.0,Married,25000 - 49999,1.0,0.0,0.0,,0
221300128105.0,0.83766735,"days_tenure, age_in_years, marital_status",521300048804.0,972.866962,135.0,2022-07-20,36,1986-07-22,32.762824,-97.307947,Fort Worth,TX,Tarrant,5000.0,1.0,1.0,Single,25000 - 49999,1.0,0.0,0.0,,0
221300949501.0,0.83761835,"days_tenure, age_in_years, college_degree",521300348796.0,937.250219,122.0,2022-08-02,51,1971-06-26,32.720784,-96.872979,Dallas,TX,Dallas,5000.0,1.0,5.0,Married,50000 - 74999,1.0,1.0,0.0,2022-09-01,1
221303196083.0,0.8375635,"days_tenure, age_in_years, income",521301425645.0,800.737588,106.0,2022-08-18,32,1990-06-20,32.775864,-96.699594,Dallas,TX,Dallas,12500.0,1.0,3.0,Married,50000 - 74999,0.0,0.0,0.0,2021-12-28,1
221302187133.0,0.83724374,"days_tenure, age_in_years, marital_status",521300790447.0,808.153084,83.0,2022-09-10,41,1982-04-22,32.772837,-96.706169,Dallas,TX,Dallas,5000.0,1.0,15.0,Single,50000 - 74999,1.0,0.0,0.0,,0
221301233707.0,0.8372235,"days_tenure, age_in_years, income",521300449330.0,951.733941,85.0,2022-09-08,41,1981-10-22,32.922203,-96.647653,Garland,TX,Dallas,17500.0,1.0,4.0,Married,75000 - 99999,0.0,0.0,0.0,,0
221303300835.0,0.8371507,"days_tenure, age_in_years, income",521301530399.0,974.761041,81.0,2022-09-12,40,1982-11-22,,,,TX,,5000.0,1.0,0.0,Married,,0.0,0.0,1.0,,0
221302994787.0,0.8371368,"days_tenure, home_market_value, home_value_lower",521301224347.0,1182.652957,124.0,2022-07-31,52,1970-12-26,32.77773,-96.753379,Dallas,TX,Dallas,5000.0,1.0,15.0,Married,1000 - 24999,1.0,0.0,0.0,,0
221301578541.0,0.8370884,"days_tenure, age_in_years, marital_status",521300572080.0,672.860951,122.0,2022-08-02,51,1971-08-26,,,Dallas,TX,Dallas,5000.0,1.0,2.0,Married,50000 - 74999,1.0,0.0,0.0,2022-11-14,1
221301796713.0,0.8370509,"days_tenure, age_in_years, marital_status",521300651644.0,973.583269,106.0,2022-08-18,32,1990-07-21,32.707177,-96.756747,Dallas,TX,Dallas,5000.0,1.0,5.0,Single,75000 - 99999,1.0,0.0,0.0,2022-07-13,1
221301657633.0,0.83691496,"days_tenure, age_in_years, marital_status",521300601500.0,1023.433467,131.0,2022-07-24,36,1987-01-20,32.676177,-97.158447,Arlington,TX,Tarrant,187500.0,0.0,6.0,Married,100000 - 124999,1.0,1.0,1.0,,0
221302466521.0,0.83687747,"days_tenure, income, marital_status",521300893678.0,1306.398213,79.0,2022-09-14,40,1983-04-23,33.176545,-96.722456,Mckinney,TX,Collin,87500.0,1.0,4.0,Married,100000 - 124999,1.0,0.0,1.0,,0
221303076528.0,0.8366685,"days_tenure, age_in_years, marital_status",521301306088.0,805.337951,83.0,2022-09-10,41,1982-04-22,32.955548,-97.280995,Keller,TX,Tarrant,187500.0,1.0,8.0,Married,100000 - 124999,1.0,0.0,0.0,,0
221300916283.0,0.83660114,"days_tenure, age_in_years, marital_status",521300336839.0,1032.255964,81.0,2022-09-12,40,1982-12-23,32.886595,-96.639301,Garland,TX,Dallas,187500.0,0.0,4.0,Married,100000 - 124999,1.0,1.0,1.0,2022-03-11,1
221302521289.0,0.83656037,"days_tenure, age_in_years, marital_status",521300913431.0,828.315568,121.0,2022-08-03,51,1971-11-26,,,Richardson,TX,Dallas,187500.0,1.0,0.0,Married,,0.0,0.0,1.0,,0
221301696317.0,0.8364024,"days_tenure, age_in_years, income",521300615325.0,1069.167691,84.0,2022-09-09,41,1981-12-23,32.80268,-96.78777,Dallas,TX,Dallas,17500.0,0.0,6.0,Single,50000 - 74999,1.0,0.0,0.0,,0
221302314129.0,0.8356824,"days_tenure, age_in_years, marital_status",521300836982.0,1027.107611,126.0,2022-07-29,52,1970-06-25,32.930721,-96.463742,Rockwall,TX,Rockwall,187500.0,1.0,4.0,Married,100000 - 124999,1.0,0.0,1.0,2022-02-19,1
221300269971.0,0.8356619,"days_tenure, income, marital_status",521300102248.0,868.615152,79.0,2022-09-14,40,1983-04-23,32.738621,-96.871742,Dallas,TX,Dallas,12500.0,1.0,15.0,Single,50000 - 74999,1.0,0.0,0.0,,0
221303155160.0,0.8355471,"days_tenure, age_in_years, marital_status",521301384721.0,1135.69816,117.0,2022-08-07,50,1973-01-22,32.714445000000005,-97.328333,Fort Worth,TX,Tarrant,5000.0,1.0,11.0,Married,25000 - 49999,1.0,0.0,0.0,,0
221300971483.0,0.8354981,"days_tenure, age_in_years, marital_status",521300356942.0,1121.612189,112.0,2022-08-12,49,1974-04-24,,,Dallas,TX,Dallas,5000.0,1.0,0.0,Married,,0.0,0.0,0.0,,0
221301541445.0,0.83538574,"days_tenure, age_in_years, college_degree",521300559192.0,1125.81486,126.0,2022-07-29,52,1970-07-26,32.729447,-97.265239,Fort Worth,TX,Tarrant,5000.0,1.0,15.0,Married,25000 - 49999,1.0,1.0,0.0,,0
221302613643.0,0.8353405,"days_tenure, income, home_value_lower",521300946638.0,1073.125,79.0,2022-09-14,40,1983-04-23,32.696115,-97.429878,Fort Worth,TX,Tarrant,125000.0,0.0,4.0,Married,125000 - 149999,1.0,0.0,1.0,2022-07-28,1
221300852050.0,0.8351501,"days_tenure, age_in_years, marital_status",521300313609.0,927.150394,122.0,2022-08-02,51,1971-06-26,32.805595,-97.20428,Hurst,TX,Tarrant,187500.0,1.0,14.0,Married,100000 - 124999,1.0,0.0,1.0,,0
221302783485.0,0.8349417,"days_tenure, age_in_years, premium_to_income_ratio",521301013045.0,824.931596,137.0,2022-07-18,55,1967-06-27,32.711648000000004,-97.314896,Fort Worth,TX,Tarrant,5000.0,1.0,1.0,Married,25000 - 49999,1.0,0.0,0.0,2021-12-27,1
221301328304.0,0.8348329,"days_tenure, age_in_years, marital_status",521300484241.0,925.782972,118.0,2022-08-06,50,1972-10-25,32.79108900000001,-96.738368,Dallas,TX,Dallas,5000.0,1.0,7.0,Married,75000 - 99999,1.0,0.0,0.0,2022-05-26,1
221301585318.0,0.8346023,"days_tenure, income, age_in_years",521300574509.0,887.887156,81.0,2022-09-12,40,1982-12-23,32.814502,-97.249156,North Richland Hills,TX,Tarrant,32500.0,1.0,2.0,Married,50000 - 74999,1.0,0.0,1.0,2022-04-21,1
221300735479.0,0.8344862,"days_tenure, income, age_in_years",521300269591.0,764.683422,83.0,2022-09-10,41,1982-03-22,,,Arlington,TX,Tarrant,12500.0,1.0,0.0,Married,,0.0,0.0,0.0,2021-12-29,1
221300501540.0,0.83445495,"days_tenure, age_in_years, marital_status",521300186660.0,1304.596598,90.0,2022-09-03,42,1980-06-23,32.741627,-97.303641,Fort Worth,TX,Tarrant,5000.0,1.0,14.0,Married,75000 - 99999,1.0,0.0,0.0,2021-12-12,1
221300394535.0,0.8344524,"days_tenure, age_in_years, marital_status",521300148415.0,930.382347,84.0,2022-09-09,41,1981-12-23,,,Roanoke,TX,Denton,187500.0,0.0,0.0,Married,,0.0,0.0,0.0,,0
221300306601.0,0.8343689,"days_tenure, income, home_value_lower",521300115572.0,1189.678194,79.0,2022-09-14,40,1983-04-23,32.569748999999995,-97.333368,Burleson,TX,Johnson,87500.0,1.0,3.0,Married,125000 - 149999,1.0,0.0,1.0,2022-04-25,1
221300270683.0,0.8343646,"days_tenure, age_in_years, income",521300102512.0,917.013896,64.0,2022-09-29,35,1987-06-22,32.772848,-96.83814,Dallas,TX,Dallas,27500.0,1.0,6.801,Married,50000 - 74999,1.0,0.0,0.0,2022-01-27,1
221303266672.0,0.83430135,"days_tenure, age_in_years, home_market_value",521301496235.0,881.963838,129.0,2022-07-26,53,1969-08-25,32.723465,-97.315454,Fort Worth,TX,Tarrant,5000.0,1.0,15.0,Married,1000 - 24999,1.0,0.0,0.0,2022-06-19,1
221300237698.0,0.8341058,"days_tenure, age_in_years, marital_status",521300089860.0,1105.48448,123.0,2022-08-01,51,1971-05-26,,,Irving,TX,Dallas,5000.0,1.0,5.0,Married,50000 - 74999,0.0,0.0,0.0,,0
221300638489.0,0.8340623,"days_tenure, age_in_years, home_value_lower",521300235446.0,1039.212261,124.0,2022-07-31,52,1971-01-24,32.738910999999995,-97.388237,Fort Worth,TX,Tarrant,187500.0,1.0,6.0,Married,125000 - 149999,1.0,1.0,1.0,2022-05-12,1
221300430694.0,0.83397746,"days_tenure, income, marital_status",521300161271.0,728.214969,79.0,2022-09-14,40,1983-04-23,33.030777,-97.046824,Flower Mound,TX,Denton,87500.0,0.0,13.0,Married,100000 - 124999,1.0,0.0,1.0,2022-10-31,1
221303234055.0,0.8339016,"days_tenure, income, age_in_years",521301463617.0,1017.633072,86.0,2022-09-07,41,1981-07-23,32.739740999999995,-97.257421,Fort Worth,TX,Tarrant,12500.0,1.0,10.0,Married,50000 - 74999,1.0,0.0,0.0,,0
221300094719.0,0.8338296,"days_tenure, income, home_value_lower",521300035978.0,1052.939501,79.0,2022-09-14,40,1983-04-23,32.611748000000006,-96.828779,Desoto,TX,Dallas,87500.0,1.0,2.0,Married,125000 - 149999,1.0,0.0,1.0,,0
221301476276.0,0.8337564,"days_tenure, income, age_in_years",521300536313.0,1023.569219,84.0,2022-09-09,41,1981-12-23,32.688952,-96.818841,Dallas,TX,Dallas,27500.0,1.0,2.0,Single,50000 - 74999,0.0,0.0,0.0,2022-01-29,1
221303241546.0,0.8336228,"days_tenure, age_in_years, marital_status",521301471108.0,715.606942,118.0,2022-08-06,50,1972-09-25,32.750469,-96.667671,Dallas,TX,Dallas,5000.0,1.0,5.0,Married,50000 - 74999,1.0,0.0,0.0,2022-07-14,1
221300458824.0,0.8334965,"days_tenure, age_in_years, home_value_lower",521300171132.0,1195.781509,110.0,2022-08-14,48,1974-11-24,32.948605,-96.843788,Addison,TX,Dallas,187500.0,1.0,9.0,Married,125000 - 149999,1.0,0.0,1.0,,0
221303065440.0,0.8334878,"days_tenure, age_in_years, marital_status",521301295000.0,1132.773809,129.0,2022-07-26,53,1969-09-25,32.691202000000004,-97.343691,Fort Worth,TX,Tarrant,5000.0,1.0,12.0,Married,25000 - 49999,1.0,0.0,0.0,,0
221301972457.0,0.83325523,"days_tenure, marital_status, college_degree",521300714403.0,964.681317,79.0,2022-09-14,40,1983-04-23,,,Dallas,TX,Dallas,5000.0,1.0,6.0,Single,100000 - 124999,0.0,1.0,0.0,2022-05-19,1
221303129084.0,0.83321923,"days_tenure, age_in_years, marital_status",521301358645.0,1183.588831,83.0,2022-09-10,41,1982-04-22,32.763203,-97.305001,Fort Worth,TX,Tarrant,5000.0,1.0,2.0,Single,50000 - 74999,1.0,0.0,0.0,,0
221302501310.0,0.83320194,"days_tenure, age_in_years, marital_status",521300905794.0,957.875371,130.0,2022-07-25,53,1969-05-25,32.75015,-97.099116,Arlington,TX,Tarrant,5000.0,1.0,13.0,Married,50000 - 74999,1.0,0.0,0.0,,0
221301392323.0,0.8331438,"days_tenure, age_in_years, marital_status",521300507497.0,936.629656,130.0,2022-07-25,36,1987-03-22,32.794021,-96.849036,Dallas,TX,Dallas,5000.0,1.0,2.0,Single,75000 - 99999,0.0,0.0,0.0,2022-11-12,1
221300274654.0,0.83313,"days_tenure, age_in_years, marital_status",521300104092.0,724.743713,83.0,2022-09-10,29,1993-08-19,32.816695,-96.944225,Irving,TX,Dallas,5000.0,1.0,9.0,Married,75000 - 99999,0.0,0.0,0.0,,0
221301492226.0,0.83311117,"days_tenure, income, age_in_years",521300542213.0,956.5693,81.0,2022-09-12,40,1982-10-22,32.695087,-97.33304,Fort Worth,TX,Tarrant,12500.0,1.0,12.0,Married,25000 - 49999,1.0,1.0,0.0,2022-07-27,1
221300824940.0,0.83298665,"days_tenure, income, marital_status",521300303480.0,748.294452,79.0,2022-09-14,40,1983-04-23,,,Plano,TX,Collin,62500.0,1.0,0.0,Married,,0.0,0.0,1.0,,0
221300276822.0,0.83292866,"days_tenure, age_in_years, home_value_lower",521300104959.0,977.018498,122.0,2022-08-02,51,1971-09-26,32.738243,-96.921074,Dallas,TX,Dallas,5000.0,0.0,13.0,Married,125000 - 149999,1.0,0.0,0.0,2022-05-28,1
221300490507.0,0.8328669,"days_tenure, age_in_years, marital_status",521300182524.0,964.603014,84.0,2022-09-09,41,1981-11-22,32.725637,-96.794119,Dallas,TX,Dallas,5000.0,1.0,11.0,Single,25000 - 49999,1.0,0.0,1.0,2022-09-14,1
221301324103.0,0.8327964,"days_tenure, age_in_years, marital_status",521300482691.0,775.272303,68.0,2022-09-25,37,1986-04-21,32.709109,-97.308921,Fort Worth,TX,Tarrant,5000.0,1.0,15.0,Married,25000 - 49999,1.0,0.0,0.0,2022-04-30,1
221303237285.0,0.8327129,"days_tenure, age_in_years, marital_status",521301466847.0,1122.891543,126.0,2022-07-29,52,1970-08-25,32.552387,-97.226078,Burleson,TX,Johnson,187500.0,1.0,9.0,Married,100000 - 124999,1.0,0.0,1.0,2021-12-09,1
221300131628.0,0.832618,"days_tenure, age_in_years, marital_status",521300050140.0,775.179203,159.0,2022-06-26,40,1983-03-23,,,Dallas,TX,Dallas,5000.0,1.0,0.0,Single,,0.0,0.0,0.0,,0
221301556507.0,0.83254033,"days_tenure, income, home_value_upper",521300564428.0,992.209489,79.0,2022-09-14,40,1983-04-23,32.907782999999995,-96.800267,Dallas,TX,Dallas,125000.0,1.0,15.0,Married,300000 - 349999,1.0,0.0,1.0,2022-03-13,1
221301279263.0,0.83223677,"days_tenure, age_in_years, marital_status",521300466382.0,1052.279697,87.0,2022-09-06,42,1981-02-20,32.736817,-97.286781,Fort Worth,TX,Tarrant,5000.0,1.0,3.0,Married,50000 - 74999,1.0,1.0,0.0,2022-04-24,1
221302623727.0,0.8319447,"days_tenure, age_in_years, home_value_lower",521300950206.0,1341.41159,100.0,2022-08-24,32,1991-04-21,32.880155,-96.74747,Dallas,TX,Dallas,187500.0,0.0,15.0,Married,150000 - 174999,1.0,1.0,1.0,,0
221300889057.0,0.83189005,"days_tenure, age_in_years, home_value_lower",521300327219.0,1051.838736,122.0,2022-08-02,51,1971-07-27,32.510071,-97.249823,Burleson,TX,Johnson,187500.0,1.0,13.0,Married,125000 - 149999,1.0,0.0,1.0,,0
221301011511.0,0.83178777,"days_tenure, age_in_years, marital_status",521300370718.0,792.276536,72.0,2022-09-21,28,1995-03-20,32.72885,-97.062563,Arlington,TX,Tarrant,5000.0,1.0,15.0,Married,50000 - 74999,1.0,0.0,0.0,2022-04-22,1
221302667822.0,0.8317797,"days_tenure, age_in_years, marital_status",521300966856.0,1028.740814,129.0,2022-07-26,53,1969-07-26,32.726521,-96.861633,Dallas,TX,Dallas,5000.0,1.0,12.0,Married,50000 - 74999,1.0,0.0,0.0,,0
221302542466.0,0.8317144,"days_tenure, age_in_years, marital_status",521300921359.0,1016.170732,89.0,2022-09-04,42,1980-07-24,32.756955999999995,-96.819778,Dallas,TX,Dallas,5000.0,0.0,9.0,Married,100000 - 124999,0.0,0.0,0.0,2022-04-30,1
221301164552.0,0.83164644,"days_tenure, age_in_years, income",521300424362.0,1025.127008,132.0,2022-07-23,36,1986-12-22,32.706706,-97.299667,Fort Worth,TX,Tarrant,12500.0,0.0,9.0,Married,25000 - 49999,1.0,0.0,0.0,,0
221301694105.0,0.83130926,"days_tenure, age_in_years, home_value_lower",521300614539.0,1117.984844,112.0,2022-08-12,48,1974-05-24,32.839980999999995,-96.816371,Dallas,TX,Dallas,187500.0,1.0,15.0,Married,150000 - 174999,1.0,0.0,1.0,2022-03-14,1
221302676239.0,0.8310804,"days_tenure, home_market_value, home_value_lower",521300969889.0,769.210935,82.0,2022-09-11,40,1982-08-22,32.813791,-96.947648,Irving,TX,Dallas,5000.0,1.0,3.0,Married,1000 - 24999,0.0,1.0,0.0,2022-06-30,1
221302583527.0,0.8310199,"days_tenure, income, home_value_lower",521300936297.0,1015.865236,79.0,2022-09-14,40,1983-04-23,32.854173,-97.150006,Bedford,TX,Tarrant,87500.0,1.0,1.0,Married,125000 - 149999,1.0,1.0,1.0,,0
221301956863.0,0.8309683,"days_tenure, age_in_years, marital_status",521300709133.0,934.134584,155.0,2022-06-30,60,1962-08-27,32.691593,-97.322875,Fort Worth,TX,Tarrant,5000.0,1.0,15.0,Married,25000 - 49999,1.0,0.0,0.0,2022-01-21,1
221300581681.0,0.8309549,"days_tenure, income, home_value_lower",521300215540.0,936.611829,79.0,2022-09-14,40,1983-04-23,33.048612000000006,-97.317183,Justin,TX,Denton,62500.0,1.0,4.0,Married,125000 - 149999,1.0,0.0,1.0,2022-01-31,1
221301266990.0,0.8309532,"days_tenure, age_in_years, marital_status",521300461908.0,1062.981058,84.0,2022-09-09,41,1982-02-20,32.808175,-97.353603,Fort Worth,TX,Tarrant,5000.0,1.0,12.0,Single,50000 - 74999,1.0,0.0,0.0,2022-06-09,1
221301620436.0,0.830909,"days_tenure, age_in_years, marital_status",521300587660.0,1120.210505,71.0,2022-09-22,28,1995-04-20,32.70698,-97.250343,Fort Worth,TX,Tarrant,5000.0,1.0,6.0,Married,25000 - 49999,1.0,0.0,0.0,2022-05-24,1
221301063318.0,0.8305231,"days_tenure, income, age_in_years",521300388561.0,788.726294,86.0,2022-09-07,41,1981-07-23,32.864346,-96.867667,Dallas,TX,Dallas,12500.0,1.0,10.0,Married,75000 - 99999,0.0,0.0,0.0,,0
221301442020.0,0.83046514,"days_tenure, age_in_years, premium_to_income_ratio",521300524314.0,1001.086384,134.0,2022-07-21,55,1968-03-26,32.814403,-97.340106,Fort Worth,TX,Tarrant,5000.0,1.0,15.0,Married,50000 - 74999,0.0,0.0,0.0,2022-09-08,1
221300765466.0,0.83015674,"days_tenure, age_in_years, marital_status",521300280822.0,1077.922121,156.0,2022-06-29,39,1983-09-23,32.662725,-97.357584,Fort Worth,TX,Tarrant,5000.0,1.0,4.0,Married,25000 - 49999,1.0,0.0,0.0,2022-04-18,1
221303047022.0,0.83012015,"days_tenure, age_in_years, marital_status",521301276582.0,852.869834,121.0,2022-08-03,51,1971-10-26,32.711912,-97.277302,Fort Worth,TX,Tarrant,5000.0,1.0,8.0,Single,50000 - 74999,1.0,0.0,0.0,2022-08-15,1
221301060093.0,0.8300346,"days_tenure, income, age_in_years",521300387284.0,1057.404271,82.0,2022-09-11,40,1982-07-23,,,Dallas,TX,Dallas,12500.0,1.0,14.0,Married,100000 - 124999,0.0,0.0,0.0,,0
221300734684.0,0.8299686,"days_tenure, age_in_years, marital_status",521300269266.0,793.581296,113.0,2022-08-11,33,1989-07-21,32.7143,-96.820082,Dallas,TX,Dallas,5000.0,1.0,9.0,Married,25000 - 49999,1.0,0.0,0.0,2022-02-23,1
221301684785.0,0.82993716,"days_tenure, income, marital_status",521300611194.0,1047.214694,79.0,2022-09-14,40,1983-04-23,,,Richardson,TX,Dallas,87500.0,1.0,8.0,Married,100000 - 124999,0.0,0.0,1.0,2022-05-23,1
221301646563.0,0.8298695,"days_tenure, age_in_years, marital_status",521300597442.0,1029.283273,114.0,2022-08-10,49,1973-09-24,32.733222,-97.042979,Grand Prairie,TX,Dallas,5000.0,1.0,9.0,Married,25000 - 49999,1.0,0.0,0.0,2022-06-27,1
221300613650.0,0.82981616,"days_tenure, income, age_in_years",521300227032.0,961.249111,82.0,2022-09-11,40,1982-07-23,32.725137000000004,-96.824556,Dallas,TX,Dallas,32500.0,1.0,15.0,Married,75000 - 99999,1.0,0.0,1.0,,0
221301359172.0,0.8298153,"days_tenure, age_in_years, marital_status",521300495563.0,1114.683018,89.0,2022-09-04,42,1980-08-23,32.704832,-97.282472,Fort Worth,TX,Tarrant,5000.0,0.0,12.0,Married,25000 - 49999,1.0,0.0,0.0,2022-11-11,1
221301062434.0,0.82971203,"days_tenure, age_in_years, marital_status",521300388204.0,754.974695,126.0,2022-07-29,52,1970-08-25,32.756881,-96.77392,Dallas,TX,Dallas,5000.0,1.0,5.0,Single,50000 - 74999,1.0,0.0,0.0,,0
221301495586.0,0.8296549,"days_tenure, age_in_years, marital_status",521300543291.0,915.881448,84.0,2022-09-09,41,1981-12-23,32.683819,-97.358454,Fort Worth,TX,Tarrant,5000.0,0.0,2.0,Single,25000 - 49999,0.0,0.0,0.0,,0
221303171978.0,0.82964134,"days_tenure, age_in_years, marital_status",521301401540.0,971.985772,110.0,2022-08-14,48,1974-12-25,32.832577,-96.763972,Dallas,TX,Dallas,187500.0,1.0,11.0,Married,75000 - 99999,1.0,1.0,1.0,2022-07-11,1
221300633153.0,0.82957333,"days_tenure, age_in_years, marital_status",521300233451.0,775.755102,116.0,2022-08-08,50,1973-02-22,32.711208,-97.305979,Fort Worth,TX,Tarrant,5000.0,1.0,15.0,Married,25000 - 49999,0.0,0.0,0.0,,0
221301397645.0,0.8292757,"days_tenure, income, age_in_years",521300509419.0,1198.17983,81.0,2022-09-12,40,1982-12-23,32.708909,-97.33621,Fort Worth,TX,Tarrant,27500.0,1.0,9.0,Married,125000 - 149999,1.0,0.0,0.0,,0
221300573962.0,0.8292684,"days_tenure, income, age_in_years",521300212831.0,995.083295,82.0,2022-09-11,40,1982-07-23,32.747096,-96.985406,Grand Prairie,TX,Dallas,27500.0,1.0,6.801,Single,50000 - 74999,0.0,0.0,0.0,2022-02-23,1
221302775846.0,0.8292585,"days_tenure, age_in_years, income",521301007058.0,998.496964,121.0,2022-08-03,51,1971-12-27,32.8805,-97.212273,North Richland Hills,TX,Tarrant,5000.0,1.0,6.0,Married,75000 - 99999,1.0,0.0,0.0,,0
221301228079.0,0.8291561,"days_tenure, income, age_in_years",521300447148.0,1192.147307,82.0,2022-09-11,40,1982-06-22,32.672295,-97.106362,Arlington,TX,Tarrant,32500.0,0.0,0.0,Married,75000 - 99999,0.0,0.0,1.0,,0
221300931006.0,0.82913786,"days_tenure, income, college_degree",521300342304.0,834.61463,79.0,2022-09-14,40,1983-04-23,32.808537,-97.332267,Fort Worth,TX,Tarrant,22500.0,1.0,9.0,Married,50000 - 74999,1.0,1.0,0.0,2022-07-26,1
221300052240.0,0.82856244,"days_tenure, income, age_in_years",521300019255.0,1160.415901,82.0,2022-09-11,40,1982-06-22,32.687110000000004,-97.327185,Fort Worth,TX,Tarrant,12500.0,1.0,8.0,Married,50000 - 74999,1.0,1.0,0.0,2022-03-19,1
221302356184.0,0.8285148,"days_tenure, income, marital_status",521300852877.0,661.953442,79.0,2022-09-14,40,1983-04-23,32.978807,-96.969287,Coppell,TX,Dallas,125000.0,1.0,4.0,Married,100000 - 124999,1.0,0.0,1.0,2022-01-12,1
221300496257.0,0.82845837,"days_tenure, age_in_years, income",521300184604.0,793.147227,134.0,2022-07-21,36,1986-09-21,,,Bedford,TX,Tarrant,27500.0,0.0,0.0,Married,,0.0,0.0,0.0,2022-09-25,1
221301105536.0,0.8284556,"days_tenure, age_in_years, marital_status",521300403968.0,1060.097555,154.0,2022-07-01,60,1962-12-28,32.723252,-97.292033,Fort Worth,TX,Tarrant,5000.0,1.0,11.0,Married,25000 - 49999,1.0,0.0,0.0,2022-01-16,1
221303020742.0,0.82837284,"days_tenure, age_in_years, marital_status",521301250302.0,986.257236,125.0,2022-07-30,52,1970-10-25,32.800707,-96.779544,Dallas,TX,Dallas,187500.0,0.0,6.0,Married,100000 - 124999,1.0,1.0,1.0,2022-08-24,1
221301210557.0,0.828342,"days_tenure, income, age_in_years",521300440776.0,864.820226,83.0,2022-09-10,40,1982-05-22,,,Dallas,TX,Dallas,32500.0,1.0,0.0,Married,,0.0,0.0,0.0,2022-11-24,1
221300709920.0,0.82811666,"days_tenure, income, age_in_years",521300260668.0,1020.340902,134.0,2022-07-21,36,1986-09-21,32.893961,-96.634584,Garland,TX,Dallas,27500.0,1.0,15.0,Married,75000 - 99999,1.0,0.0,0.0,,0
221300333890.0,0.828026,"days_tenure, age_in_years, marital_status",521300125500.0,625.370531,112.0,2022-08-12,48,1974-05-24,32.734316,-97.303622,Fort Worth,TX,Tarrant,5000.0,1.0,4.0,Single,25000 - 49999,1.0,0.0,0.0,2022-01-09,1
221303076345.0,0.8279758,"days_tenure, income, marital_status",521301305905.0,1014.348037,79.0,2022-09-14,40,1983-04-23,33.217842000000005,-97.128645,Denton,TX,Denton,12500.0,0.0,1.0,Single,75000 - 99999,0.0,0.0,0.0,2021-12-17,1
221301978297.0,0.82789475,"days_tenure, income, age_in_years",521300716584.0,1113.218529,83.0,2022-09-10,40,1982-05-22,32.715847999999994,-97.404433,Fort Worth,TX,Tarrant,32500.0,1.0,1.0,Married,25000 - 49999,1.0,0.0,0.0,2022-05-23,1
221301953620.0,0.82783186,"days_tenure, age_in_years, marital_status",521300707904.0,763.913302,102.0,2022-08-22,32,1991-01-19,,,Fort Worth,TX,Tarrant,5000.0,1.0,2.0,Single,25000 - 49999,0.0,0.0,0.0,,0
221303296781.0,0.8278202,"days_tenure, age_in_years, marital_status",521301526344.0,1321.673803,86.0,2022-09-07,41,1981-05-22,,,Fort Worth,TX,Tarrant,5000.0,1.0,0.0,Married,,0.0,1.0,0.0,2022-07-15,1
221300027976.0,0.8276405,"days_tenure, age_in_years, marital_status",521300009883.0,690.872195,120.0,2022-08-04,51,1972-03-25,32.705338,-97.317716,Fort Worth,TX,Tarrant,5000.0,1.0,4.0,Single,25000 - 49999,0.0,0.0,0.0,2022-05-09,1
221302002963.0,0.8275936,"days_tenure, age_in_years, marital_status",521300725238.0,747.095011,57.0,2022-10-06,33,1989-06-20,32.733786,-97.397167,Fort Worth,TX,Tarrant,5000.0,1.0,5.0,Married,25000 - 49999,0.0,0.0,0.0,2022-04-01,1
221303144180.0,0.8275585,"days_tenure, age_in_years, marital_status",521301373741.0,1362.664052,85.0,2022-09-08,41,1981-10-22,,,Fort Worth,TX,Tarrant,187500.0,1.0,0.0,Married,,0.0,0.0,1.0,2022-02-19,1
221302169099.0,0.82727504,"days_tenure, age_in_years, marital_status",521300784098.0,817.840162,129.0,2022-07-26,53,1969-07-26,,,Dallas,TX,Dallas,5000.0,1.0,5.0,Married,75000 - 99999,0.0,0.0,0.0,2022-04-30,1
221303098783.0,0.8271125,"days_tenure, age_in_years, income",521301328344.0,739.914773,129.0,2022-07-26,36,1987-04-22,32.774182,-96.742946,Dallas,TX,Dallas,12500.0,0.0,6.801,Married,25000 - 49999,0.0,0.0,0.0,2022-06-30,1
221300572822.0,0.8269835,"days_tenure, age_in_years, home_value_lower",521300212369.0,778.626709,110.0,2022-08-14,48,1974-11-24,33.03276,-96.816897,Plano,TX,Collin,187500.0,1.0,15.0,Married,200000 - 224999,1.0,0.0,1.0,2022-04-28,1
221300367485.0,0.8269583,"days_tenure, age_in_years, marital_status",521300138546.0,894.473642,117.0,2022-08-07,50,1972-11-25,32.689229,-97.342998,Fort Worth,TX,Tarrant,5000.0,1.0,13.0,Married,25000 - 49999,1.0,1.0,0.0,,0
221300051981.0,0.8268407,"days_tenure, age_in_years, marital_status",521300019149.0,1011.45338,122.0,2022-08-02,51,1971-06-26,32.739576,-97.256462,Fort Worth,TX,Tarrant,5000.0,1.0,10.0,Single,25000 - 49999,1.0,0.0,0.0,2022-07-20,1
221301686191.0,0.82683194,"days_tenure, income, age_in_years",521300611638.0,1135.830864,125.0,2022-07-30,52,1970-10-25,32.68287,-97.35712,Fort Worth,TX,Tarrant,12500.0,1.0,15.0,Married,50000 - 74999,1.0,0.0,0.0,2022-06-01,1
221301104528.0,0.8268247,"days_tenure, age_in_years, marital_status",521300403610.0,793.0137,84.0,2022-09-09,41,1981-11-22,32.775768,-96.741935,Dallas,TX,Dallas,5000.0,0.0,13.0,Single,25000 - 49999,1.0,0.0,0.0,,0
221302274269.0,0.8266729,"days_tenure, income, home_value_lower",521300822615.0,1093.226702,79.0,2022-09-14,40,1983-04-23,32.945806999999995,-96.797157,Dallas,TX,Dallas,125000.0,1.0,3.0,Married,175000 - 199999,1.0,0.0,1.0,2022-03-17,1
221301660844.0,0.82664645,"days_tenure, age_in_years, income",521300602694.0,984.154871,81.0,2022-09-12,40,1982-11-22,,,Dallas,TX,Dallas,17500.0,1.0,0.0,Single,,0.0,0.0,0.0,,0
221302288330.0,0.82661223,"days_tenure, age_in_years, marital_status",521300827589.0,717.62953,65.0,2022-09-28,36,1987-04-22,32.720137,-96.709628,Dallas,TX,Dallas,5000.0,1.0,5.0,Married,50000 - 74999,1.0,0.0,0.0,,0
221302528565.0,0.8266053,"days_tenure, age_in_years, marital_status",521300916298.0,940.759751,118.0,2022-08-06,50,1972-08-25,32.728775000000006,-97.312652,Fort Worth,TX,Tarrant,5000.0,1.0,2.0,Married,25000 - 49999,1.0,1.0,0.0,2022-08-28,1
221302185862.0,0.82656187,"days_tenure, age_in_years, marital_status",521300789953.0,888.120913,87.0,2022-09-06,42,1981-03-22,32.83245,-96.762595,Dallas,TX,Dallas,187500.0,0.0,15.0,Married,75000 - 99999,1.0,0.0,1.0,,0
221301214195.0,0.82652766,"days_tenure, age_in_years, marital_status",521300442146.0,985.90119,154.0,2022-07-01,39,1983-11-23,32.754144000000004,-96.680768,Dallas,TX,Dallas,5000.0,0.0,1.0,Married,25000 - 49999,1.0,0.0,0.0,2022-05-14,1
221301016993.0,0.82652587,"days_tenure, age_in_years, marital_status",521300372150.0,1169.015727,117.0,2022-08-07,50,1973-01-22,32.705478,-97.338194,Fort Worth,TX,Tarrant,5000.0,1.0,15.0,Married,25000 - 49999,1.0,1.0,0.0,2022-09-24,1
221300625414.0,0.8265215,"days_tenure, age_in_years, marital_status",521300231323.0,1247.364794,86.0,2022-09-07,41,1981-05-22,32.707781,-97.310103,Fort Worth,TX,Tarrant,5000.0,1.0,6.801,Single,50000 - 74999,1.0,0.0,0.0,2022-09-14,1
221302661633.0,0.8265189,"days_tenure, income, marital_status",521300964477.0,1035.884573,79.0,2022-09-14,40,1983-04-23,33.10495,-96.640051,Allen,TX,Collin,80372.176,0.0,6.0,Married,75000 - 99999,1.0,0.0,1.0,,0
221300291639.0,0.826486,"days_tenure, age_in_years, home_value_lower",521300110271.0,1235.668957,82.0,2022-09-11,40,1982-06-22,32.941934,-97.266627,Keller,TX,Tarrant,187500.0,1.0,5.0,Married,125000 - 149999,1.0,1.0,0.0,,0
221302756690.0,0.82648444,"days_tenure, age_in_years, home_value_lower",521300998540.0,919.383107,131.0,2022-07-24,36,1987-02-20,32.851722,-97.21515,,TX,,5000.0,1.0,3.0,Married,150000 - 174999,1.0,0.0,0.0,,0
221302742907.0,0.82648236,"days_tenure, age_in_years, marital_status",521300992848.0,994.225424,65.0,2022-09-28,36,1987-04-22,32.754107999999995,-96.648092,Dallas,TX,Dallas,5000.0,1.0,5.0,Married,50000 - 74999,0.0,0.0,0.0,2022-01-12,1
221301666491.0,0.82629913,"days_tenure, age_in_years, marital_status",521300604872.0,664.079505,126.0,2022-07-29,52,1970-08-25,32.698371,-97.269064,Fort Worth,TX,Tarrant,5000.0,1.0,6.0,Single,25000 - 49999,0.0,0.0,0.0,,0
221301272803.0,0.8262679,"days_tenure, income, age_in_years",521300464158.0,875.655001,85.0,2022-09-08,41,1981-08-22,32.685114000000006,-97.287442,Fort Worth,TX,Tarrant,32500.0,1.0,7.0,Married,25000 - 49999,1.0,0.0,0.0,,0
221301741625.0,0.8262155,"days_tenure, age_in_years, marital_status",521300631956.0,1051.299961,113.0,2022-08-11,49,1974-02-22,,,Richardson,TX,Dallas,187500.0,1.0,0.0,Married,,0.0,0.0,1.0,2022-07-29,1
221303170312.0,0.82621217,"days_tenure, income, age_in_years",521301399874.0,762.103469,81.0,2022-09-12,40,1982-10-22,32.714867000000005,-96.717989,Dallas,TX,Dallas,32500.0,0.0,15.0,Married,50000 - 74999,1.0,0.0,0.0,,0
221303091531.0,0.82611084,"days_tenure, age_in_years, marital_status",521301321091.0,860.462491,96.0,2022-08-28,44,1978-08-23,32.719381,-97.255721,Fort Worth,TX,Tarrant,5000.0,1.0,9.0,Married,50000 - 74999,1.0,0.0,0.0,2022-02-10,1
221302400649.0,0.8260626,"days_tenure, age_in_years, marital_status",521300869673.0,1017.087434,110.0,2022-08-14,48,1974-11-24,32.772001,-97.405777,Fort Worth,TX,Tarrant,5000.0,1.0,7.0,Single,50000 - 74999,1.0,0.0,0.0,,0
221301763240.0,0.82586914,"days_tenure, age_in_years, marital_status",521300640023.0,827.398373,94.0,2022-08-30,44,1979-03-24,32.730326,-97.263092,Fort Worth,TX,Tarrant,5000.0,1.0,15.0,Married,50000 - 74999,1.0,0.0,0.0,,0
221301588834.0,0.82581526,"days_tenure, age_in_years, college_degree",521300575843.0,858.028453,112.0,2022-08-12,49,1974-03-24,32.793811,-96.85999,Dallas,TX,Dallas,5000.0,1.0,8.0,Married,75000 - 99999,1.0,1.0,0.0,,0
221301989206.0,0.825785,"days_tenure, age_in_years, marital_status",521300720293.0,1055.982277,87.0,2022-09-06,42,1981-04-22,32.723514,-96.707179,Dallas,TX,Dallas,5000.0,1.0,14.0,Married,25000 - 49999,1.0,1.0,0.0,,0
221302824144.0,0.82575583,"days_tenure, age_in_years, marital_status",521301053704.0,607.014602,85.0,2022-09-08,41,1981-08-22,32.710201999999995,-97.32194,Fort Worth,TX,Tarrant,5000.0,0.0,5.0,Single,25000 - 49999,0.0,0.0,0.0,,0
221300922246.0,0.8257553,"days_tenure, age_in_years, income",521300339100.0,539.835319,125.0,2022-07-30,35,1987-11-22,,,Arlington,TX,Tarrant,5000.0,1.0,0.0,Married,,0.0,0.0,0.0,2022-07-14,1
221301977710.0,0.8257242,"days_tenure, age_in_years, marital_status",521300716357.0,1083.518636,88.0,2022-09-05,42,1980-10-23,,,Fort Worth,TX,Tarrant,5000.0,1.0,4.0,Married,25000 - 49999,1.0,0.0,0.0,2022-09-02,1
221300167734.0,0.82564944,"days_tenure, age_in_years, income",521300063525.0,816.88637,132.0,2022-07-23,36,1986-11-21,32.724002000000006,-96.63586,Balch Springs,TX,Dallas,27500.0,0.0,15.0,Single,50000 - 74999,1.0,0.0,0.0,2022-06-18,1
221300453770.0,0.8256205,"days_tenure, age_in_years, marital_status",521300169548.0,1094.132595,87.0,2022-09-06,42,1981-02-20,,,Fort Worth,TX,Tarrant,5000.0,1.0,0.0,Married,,0.0,0.0,0.0,2022-10-24,1
221300457610.0,0.8256173,"days_tenure, age_in_years, marital_status",521300170667.0,1200.083566,123.0,2022-08-01,52,1971-04-26,32.740345,-96.906028,Dallas,TX,Dallas,5000.0,0.0,8.0,Married,100000 - 124999,1.0,0.0,0.0,,0
221301268125.0,0.8255856,"days_tenure, income, age_in_years",521300462349.0,1103.613818,82.0,2022-09-11,40,1982-06-22,32.776194,-96.833221,Dallas,TX,Dallas,32500.0,1.0,13.0,Married,50000 - 74999,1.0,0.0,0.0,2022-02-21,1
221301918832.0,0.82515484,"days_tenure, income, marital_status",521300695297.0,709.980381,79.0,2022-09-14,40,1983-04-23,,,Dallas,TX,Dallas,125000.0,1.0,0.0,Married,,0.0,0.0,1.0,2022-02-17,1
221301845644.0,0.8251249,"days_tenure, age_in_years, income",521300668459.0,690.427616,70.0,2022-09-23,37,1985-11-21,32.816336,-96.826688,Dallas,TX,Dallas,27500.0,0.0,3.0,Married,50000 - 74999,1.0,1.0,0.0,,0
221301535656.0,0.8249312,"days_tenure, age_in_years, income",521300557088.0,883.482606,53.0,2022-10-10,32,1990-05-20,32.716087,-97.160479,Arlington,TX,Tarrant,5000.0,0.0,15.0,Married,50000 - 74999,1.0,0.0,0.0,,0
221303068304.0,0.8249209,"days_tenure, age_in_years, marital_status",521301297864.0,1012.442707,126.0,2022-07-29,52,1970-07-26,32.785483000000006,-96.867641,Dallas,TX,Dallas,5000.0,1.0,5.0,Single,75000 - 99999,1.0,0.0,0.0,2022-10-11,1
221302061705.0,0.8247647,"days_tenure, home_value_lower, home_value_upper",521300745905.0,1019.677469,122.0,2022-08-02,51,1971-08-26,33.027667,-96.820323,Plano,TX,Collin,187500.0,1.0,13.0,Married,250000 - 274999,1.0,1.0,1.0,2022-04-26,1
221300988985.0,0.8246668,"days_tenure, age_in_years, marital_status",521300362617.0,1331.275363,110.0,2022-08-14,48,1974-11-24,32.84376,-97.113945,Bedford,TX,Tarrant,187500.0,1.0,4.0,Married,100000 - 124999,1.0,1.0,1.0,2022-08-22,1
221301633448.0,0.824524,"days_tenure, age_in_years, marital_status",521300592635.0,1048.327773,162.0,2022-06-23,40,1982-10-22,32.679693,-97.362317,Fort Worth,TX,Tarrant,5000.0,1.0,13.0,Married,25000 - 49999,1.0,0.0,0.0,,0
221300345805.0,0.8244692,"days_tenure, age_in_years, income",521300130196.0,672.693119,159.0,2022-06-26,40,1983-04-23,,,Cedar Hill,TX,Dallas,17500.0,0.0,0.0,Married,,0.0,1.0,0.0,,0
221303151325.0,0.82432204,"days_tenure, age_in_years, marital_status",521301380886.0,1006.184446,123.0,2022-08-01,52,1971-04-26,32.675020999999994,-96.765046,Dallas,TX,Dallas,5000.0,1.0,4.0,Single,25000 - 49999,0.0,0.0,0.0,,0
221301643634.0,0.82418334,"days_tenure, age_in_years, income",521300596331.0,973.07115,72.0,2022-09-21,37,1985-05-21,32.74003,-97.246361,Fort Worth,TX,Tarrant,27500.0,1.0,1.0,Married,25000 - 49999,0.0,0.0,0.0,2021-12-16,1
221302449478.0,0.8238705,"days_tenure, age_in_years, marital_status",521300887546.0,978.354302,55.0,2022-10-08,33,1989-11-20,32.726572,-96.686236,Dallas,TX,Dallas,5000.0,1.0,4.0,Married,50000 - 74999,0.0,0.0,0.0,,0
221301474869.0,0.82382303,"days_tenure, age_in_years, income",521300535775.0,1140.637331,89.0,2022-09-04,42,1980-08-23,32.802802,-97.361469,Fort Worth,TX,Tarrant,17500.0,1.0,15.0,Married,25000 - 49999,1.0,0.0,0.0,2022-05-21,1
221301775577.0,0.8237528,"days_tenure, age_in_years, home_value_lower",521300644546.0,1043.034556,142.0,2022-07-13,37,1985-07-22,32.802014,-96.787031,Dallas,TX,Dallas,5000.0,1.0,13.0,Married,300000 - 349999,1.0,1.0,0.0,2022-05-24,1
221300974482.0,0.8236977,"days_tenure, income, age_in_years",521300357921.0,1124.28031,86.0,2022-09-07,41,1981-07-23,32.701106,-97.299581,Fort Worth,TX,Tarrant,22500.0,1.0,13.0,Married,25000 - 49999,1.0,0.0,0.0,2022-01-16,1
221302683813.0,0.823656,"days_tenure, age_in_years, income",521300972686.0,655.159024,103.0,2022-08-21,32,1990-12-21,32.775827,-97.386614,Fort Worth,TX,Tarrant,12500.0,1.0,1.0,Married,75000 - 99999,1.0,0.0,0.0,,0
221302874605.0,0.8236277,"days_tenure, age_in_years, marital_status",521301104165.0,796.031594,152.0,2022-07-03,60,1963-04-28,32.724698,-97.29747,Fort Worth,TX,Tarrant,5000.0,0.0,15.0,Married,25000 - 49999,1.0,0.0,0.0,,0
221300491833.0,0.823578,"days_tenure, income, home_value_lower",521300183084.0,721.2959,79.0,2022-09-14,40,1983-04-23,33.074371000000006,-96.647139,Allen,TX,Collin,87500.0,1.0,5.0,Married,150000 - 174999,1.0,1.0,1.0,2022-11-02,1
221301349637.0,0.8235433,"days_tenure, age_in_years, marital_status",521300491840.0,1268.29035,115.0,2022-08-09,49,1973-07-25,32.723042,-96.75918,Dallas,TX,Dallas,5000.0,0.0,15.0,Married,50000 - 74999,1.0,0.0,0.0,2022-11-20,1
221301778164.0,0.8234146,"days_tenure, age_in_years, marital_status",521300645479.0,1001.189862,122.0,2022-08-02,51,1971-08-26,32.799148,-96.779901,Dallas,TX,Dallas,5000.0,1.0,7.0,Single,50000 - 74999,1.0,0.0,0.0,,0
221301541813.0,0.8233745,"days_tenure, income, age_in_years",521300559328.0,792.6174,86.0,2022-09-07,41,1981-07-23,32.685349,-97.345864,Fort Worth,TX,Tarrant,32500.0,1.0,4.0,Married,50000 - 74999,1.0,0.0,0.0,,0
221303187573.0,0.8233464,"days_tenure, age_in_years, marital_status",521301417135.0,1201.958714,119.0,2022-08-05,50,1972-07-26,32.866476,-96.79188,Dallas,TX,Dallas,187500.0,1.0,13.0,Married,100000 - 124999,1.0,1.0,1.0,2022-08-02,1
221302188731.0,0.82329,"days_tenure, age_in_years, income",521300791009.0,849.498216,88.0,2022-09-05,42,1980-10-23,32.656031,-96.825447,Dallas,TX,Dallas,17500.0,0.0,15.0,Married,75000 - 99999,1.0,0.0,0.0,,0
221300270891.0,0.8232566,"days_tenure, age_in_years, marital_status",521300102585.0,1084.640791,53.0,2022-10-10,32,1990-07-21,32.738244,-96.801115,Dallas,TX,Dallas,5000.0,0.0,12.0,Married,50000 - 74999,1.0,0.0,0.0,2022-10-18,1
221301177996.0,0.8230425,"days_tenure, age_in_years, home_value_lower",521300429489.0,1212.365915,111.0,2022-08-13,48,1974-08-24,32.789941,-96.814537,Dallas,TX,Dallas,187500.0,1.0,4.0,Married,175000 - 199999,1.0,1.0,1.0,2022-03-02,1
221301707392.0,0.8230366,"days_tenure, age_in_years, marital_status",521300619421.0,979.178445,126.0,2022-07-29,52,1970-08-25,32.78219,-96.740934,Dallas,TX,Dallas,5000.0,0.0,15.0,Single,50000 - 74999,1.0,0.0,0.0,,0
221301455241.0,0.8229882,"days_tenure, age_in_years, marital_status",521300529374.0,680.522514,98.0,2022-08-26,45,1978-02-21,32.738966999999995,-97.263064,Fort Worth,TX,Tarrant,5000.0,1.0,5.0,Married,25000 - 49999,1.0,0.0,0.0,,0
221302439860.0,0.82296723,"days_tenure, income, age_in_years",521300883972.0,1061.934853,84.0,2022-09-09,41,1981-11-22,32.731711000000004,-96.694166,Dallas,TX,Dallas,17500.0,1.0,9.0,Married,50000 - 74999,0.0,0.0,1.0,2022-07-21,1
221301362519.0,0.8229551,"days_tenure, age_in_years, longitude",521300496629.0,1052.825709,153.0,2022-07-02,60,1963-01-26,32.789805,-96.79308,Dallas,TX,Dallas,187500.0,0.0,15.0,Married,50000 - 74999,1.0,1.0,1.0,,0
221302754321.0,0.8228817,"days_tenure, age_in_years, home_value_lower",521300997469.0,983.347493,123.0,2022-08-01,52,1971-03-26,32.826344,-97.319596,,TX,,5000.0,1.0,2.0,Married,150000 - 174999,1.0,0.0,0.0,,0
221301165241.0,0.822872,"days_tenure, income, age_in_years",521300424635.0,675.725749,82.0,2022-09-11,40,1982-08-22,32.806753,-97.360007,Fort Worth,TX,Tarrant,22500.0,1.0,8.0,Married,50000 - 74999,1.0,0.0,0.0,2021-12-24,1
221301061623.0,0.8227062,"days_tenure, age_in_years, college_degree",521300387871.0,828.643368,89.0,2022-09-04,42,1980-08-23,,,Dallas,TX,Dallas,5000.0,1.0,0.0,Married,,0.0,1.0,0.0,2022-10-13,1
221303041578.0,0.8226222,"days_tenure, income, age_in_years",521301271138.0,677.097041,81.0,2022-09-12,40,1982-11-22,32.742855,-96.880613,Dallas,TX,Dallas,32500.0,1.0,7.0,Married,75000 - 99999,0.0,0.0,0.0,,0
221300068878.0,0.8225567,"days_tenure, age_in_years, home_value_lower",521300025567.0,1262.723023,81.0,2022-09-12,29,1993-11-19,33.023303,-96.725266,Plano,TX,Collin,187500.0,1.0,15.0,Married,150000 - 174999,1.0,0.0,1.0,2022-10-17,1
221300506412.0,0.8224359,"days_tenure, age_in_years, marital_status",521300188356.0,1184.041898,121.0,2022-08-03,51,1971-10-26,33.002838,-96.910582,Carrollton,TX,Denton,187500.0,1.0,14.0,Married,100000 - 124999,1.0,1.0,1.0,,0
221301611930.0,0.8224147,"days_tenure, age_in_years, income",521300584505.0,822.458556,63.0,2022-09-30,35,1987-08-22,32.767675999999994,-96.751921,Dallas,TX,Dallas,5000.0,1.0,15.0,Married,75000 - 99999,1.0,0.0,0.0,2021-12-19,1
221303050459.0,0.82226646,"days_tenure, age_in_years, marital_status",521301280019.0,721.342036,119.0,2022-08-05,51,1972-04-25,32.769902,-96.753896,Dallas,TX,Dallas,5000.0,1.0,0.0,Single,25000 - 49999,0.0,0.0,0.0,,0
221302828648.0,0.82224244,"days_tenure, age_in_years, income",521301058208.0,518.401541,86.0,2022-09-07,30,1993-03-19,32.775256,-97.406638,Fort Worth,TX,Tarrant,5000.0,1.0,3.0,Married,50000 - 74999,1.0,0.0,0.0,2022-05-23,1
221302269626.0,0.82220113,"days_tenure, age_in_years, home_value_lower",521300820789.0,888.425659,142.0,2022-07-13,37,1985-07-22,32.961061,-96.796067,Dallas,TX,Dallas,187500.0,0.0,2.0,Married,125000 - 149999,1.0,1.0,1.0,2022-09-14,1
221301459640.0,0.82217604,"days_tenure, age_in_years, income",521300530865.0,788.524006,74.0,2022-09-19,28,1994-11-19,32.730432,-97.279176,Fort Worth,TX,Tarrant,27500.0,1.0,1.0,Single,25000 - 49999,0.0,0.0,0.0,2022-08-15,1
221302742744.0,0.8221472,"days_tenure, age_in_years, marital_status",521300992778.0,1093.774588,98.0,2022-08-26,45,1978-01-21,32.744183,-96.657797,Dallas,TX,Dallas,5000.0,1.0,1.0,Married,50000 - 74999,0.0,0.0,0.0,2022-02-20,1
221302898141.0,0.82205594,"days_tenure, age_in_years, marital_status",521301127701.0,850.921628,136.0,2022-07-19,55,1967-08-27,32.72037,-97.296092,Fort Worth,TX,Tarrant,5000.0,1.0,7.0,Single,25000 - 49999,0.0,0.0,0.0,2022-08-13,1
221302462696.0,0.82195765,"days_tenure, age_in_years, marital_status",521300892276.0,824.007117,61.0,2022-10-02,35,1988-03-21,32.73838,-96.683552,Dallas,TX,Dallas,5000.0,1.0,15.0,Married,50000 - 74999,1.0,0.0,0.0,2022-06-22,1
221301104222.0,0.82192194,"days_tenure, age_in_years, marital_status",521300403494.0,968.073482,113.0,2022-08-11,49,1973-12-25,32.728857,-97.281929,Fort Worth,TX,Tarrant,5000.0,1.0,13.0,Single,50000 - 74999,1.0,0.0,0.0,2022-09-09,1
221301749261.0,0.8218115,"days_tenure, age_in_years, income",521300634831.0,1182.042373,140.0,2022-07-15,37,1985-10-21,32.801576999999995,-96.792333,Dallas,TX,Dallas,32500.0,0.0,8.0,Married,50000 - 74999,1.0,1.0,1.0,2022-10-01,1
221300742131.0,0.8217984,"days_tenure, age_in_years, college_degree",521300272209.0,885.250658,122.0,2022-08-02,51,1971-08-26,32.739013,-96.851887,Dallas,TX,Dallas,5000.0,0.0,5.0,Married,50000 - 74999,1.0,1.0,0.0,2022-04-08,1
221302066474.0,0.8217812,"days_tenure, age_in_years, home_value_lower",521300747745.0,917.706877,115.0,2022-08-09,49,1973-06-24,33.011947000000006,-96.83373,Plano,TX,Collin,187500.0,1.0,5.0,Married,250000 - 274999,1.0,0.0,1.0,2022-06-02,1
221302810884.0,0.8217132,"days_tenure, age_in_years, marital_status",521301040444.0,881.367991,120.0,2022-08-04,51,1972-03-25,32.733257,-97.303686,Fort Worth,TX,Tarrant,5000.0,0.0,4.0,Single,50000 - 74999,1.0,0.0,0.0,2022-04-14,1
221302015496.0,0.8216289,"days_tenure, age_in_years, home_value_lower",521300729767.0,920.014435,127.0,2022-07-28,53,1970-02-23,32.846869,-96.821573,Dallas,TX,Dallas,187500.0,0.0,15.0,Married,125000 - 149999,1.0,0.0,1.0,,0
221303303455.0,0.8213083,"days_tenure, age_in_years, marital_status",521301533019.0,1230.05061,130.0,2022-07-25,53,1969-06-25,32.782378,-97.294026,Fort Worth,TX,Tarrant,5000.0,1.0,15.0,Married,75000 - 99999,0.0,0.0,0.0,2021-12-21,1
221301417853.0,0.8212992,"days_tenure, age_in_years, income",521300516041.0,985.864685,84.0,2022-09-09,41,1981-11-22,32.790416,-96.900502,Dallas,TX,Dallas,17500.0,1.0,15.0,Single,75000 - 99999,1.0,0.0,0.0,,0
221300789513.0,0.82125443,"days_tenure, age_in_years, marital_status",521300290065.0,1206.526346,126.0,2022-07-29,52,1970-06-25,,,Weatherford,TX,Parker,187500.0,0.0,0.0,Married,,0.0,0.0,1.0,,0
221300067246.0,0.8211959,"days_tenure, income, age_in_years",521300024927.0,980.075708,159.0,2022-06-26,40,1983-04-23,,,Irving,TX,Dallas,32500.0,1.0,0.0,Married,,0.0,0.0,1.0,,0
221302040865.0,0.82119113,"days_tenure, age_in_years, income",521300738429.0,709.469709,87.0,2022-09-06,42,1981-04-22,32.722908,-97.410787,Fort Worth,TX,Tarrant,12500.0,1.0,6.0,Married,50000 - 74999,0.0,0.0,0.0,2022-06-21,1
221301569956.0,0.8211618,"days_tenure, age_in_years, marital_status",521300568932.0,703.159633,117.0,2022-08-07,50,1972-12-25,32.709926,-97.26753,Fort Worth,TX,Tarrant,5000.0,1.0,13.0,Married,50000 - 74999,1.0,1.0,0.0,2022-10-18,1
221303147934.0,0.8211008,"days_tenure, age_in_years, marital_status",521301377495.0,755.564963,71.0,2022-09-22,37,1985-06-21,32.685792,-97.250191,Fort Worth,TX,Tarrant,5000.0,1.0,3.0,Married,25000 - 49999,1.0,0.0,0.0,2022-09-17,1
221303184733.0,0.82109076,"days_tenure, income, marital_status",521301414295.0,984.053407,79.0,2022-09-14,40,1983-04-23,33.186014,-96.693226,Mckinney,TX,Collin,125000.0,1.0,4.0,Married,100000 - 124999,1.0,1.0,1.0,,0
221301876130.0,0.82105887,"days_tenure, age_in_years, marital_status",521300679295.0,797.976268,152.0,2022-07-03,60,1963-04-28,32.6778,-97.269682,Fort Worth,TX,Tarrant,5000.0,1.0,5.0,Married,50000 - 74999,1.0,0.0,0.0,,0
221302847702.0,0.82099366,"days_tenure, age_in_years, marital_status",521301077262.0,1095.916602,126.0,2022-07-29,52,1970-08-25,32.753256,-96.798891,Dallas,TX,Dallas,5000.0,1.0,12.0,Single,25000 - 49999,1.0,0.0,0.0,2022-01-23,1
221302310281.0,0.82091415,"days_tenure, income, age_in_years",521300835500.0,914.195275,84.0,2022-09-09,41,1982-02-20,32.747318,-96.847646,Dallas,TX,Dallas,32500.0,1.0,12.0,Married,100000 - 124999,0.0,0.0,0.0,2022-01-27,1
221301954101.0,0.8208765,"days_tenure, income, age_in_years",521300708093.0,1051.198593,81.0,2022-09-12,40,1982-11-22,32.674256,-97.341306,Fort Worth,TX,Tarrant,22500.0,1.0,8.0,Married,25000 - 49999,1.0,0.0,0.0,2022-11-27,1
221303296943.0,0.82074386,"days_tenure, age_in_years, marital_status",521301526506.0,932.036002,124.0,2022-07-31,52,1971-01-24,,,Fort Worth,TX,Tarrant,5000.0,1.0,0.0,Single,,0.0,0.0,0.0,2022-02-25,1
221302391919.0,0.820709,"days_tenure, age_in_years, marital_status",521300866415.0,1220.879677,52.0,2022-10-11,32,1990-09-20,32.729411,-96.695232,Dallas,TX,Dallas,5000.0,1.0,11.0,Married,25000 - 49999,1.0,0.0,0.0,2022-07-16,1
221301029825.0,0.82070345,"days_tenure, age_in_years, marital_status",521300376444.0,922.859523,137.0,2022-07-18,55,1967-05-27,32.80530400000001,-97.366725,Fort Worth,TX,Tarrant,5000.0,1.0,15.0,Married,25000 - 49999,1.0,0.0,0.0,2022-09-01,1
221300173671.0,0.8207029,"days_tenure, age_in_years, marital_status",521300065822.0,910.11189,133.0,2022-07-22,54,1968-06-26,32.689392999999995,-97.338166,Fort Worth,TX,Tarrant,5000.0,1.0,7.0,Married,25000 - 49999,1.0,0.0,0.0,2022-08-28,1
221301321192.0,0.8206846,"days_tenure, age_in_years, marital_status",521300481658.0,1119.687911,126.0,2022-07-29,52,1970-05-25,32.765698,-96.75082,Dallas,TX,Dallas,5000.0,1.0,10.0,Single,50000 - 74999,1.0,0.0,0.0,,0
221303145520.0,0.82062334,"days_tenure, income, age_in_years",521301375081.0,996.279949,122.0,2022-08-02,51,1971-06-26,32.823329,-96.84754,Dallas,TX,Dallas,22500.0,1.0,7.0,Married,75000 - 99999,0.0,0.0,0.0,,0
221300697909.0,0.82062,"days_tenure, age_in_years, marital_status",521300256219.0,1297.642763,129.0,2022-07-26,53,1969-08-25,32.713546,-97.344642,Fort Worth,TX,Tarrant,5000.0,1.0,15.0,Married,25000 - 49999,1.0,0.0,0.0,,0
221301810511.0,0.82051,"days_tenure, age_in_years, marital_status",521300656304.0,861.940601,71.0,2022-09-22,37,1985-06-21,,,Dallas,TX,Collin,5000.0,1.0,0.0,Married,,0.0,0.0,0.0,,0
221300801240.0,0.820499,"days_tenure, age_in_years, income",521300294427.0,792.755825,65.0,2022-09-28,36,1987-02-20,32.742748,-96.790893,Dallas,TX,Dallas,5000.0,0.0,15.0,Married,75000 - 99999,1.0,0.0,0.0,2022-11-20,1
221302987705.0,0.82046205,"days_tenure, income, age_in_years",521301217265.0,833.770153,106.0,2022-08-18,32,1990-07-21,,,Dallas,TX,Dallas,32500.0,1.0,0.0,Married,,0.0,0.0,1.0,2022-05-11,1
221300732689.0,0.8203762,"days_tenure, income, marital_status",521300268484.0,940.063368,79.0,2022-09-14,40,1983-04-23,32.720789,-97.124096,Arlington,TX,Tarrant,52500.0,1.0,8.0,Married,75000 - 99999,1.0,0.0,1.0,2021-12-21,1
221300706136.0,0.8203755,"days_tenure, age_in_years, marital_status",521300259423.0,639.591759,115.0,2022-08-09,49,1973-08-24,32.702510999999994,-96.799222,Dallas,TX,Dallas,5000.0,1.0,13.0,Married,25000 - 49999,1.0,1.0,0.0,2022-06-19,1
221301323332.0,0.82035184,"days_tenure, age_in_years, income",521300482465.0,881.082004,86.0,2022-09-07,41,1981-05-22,32.789638999999994,-96.897927,Dallas,TX,Dallas,17500.0,0.0,11.0,Single,25000 - 49999,1.0,0.0,0.0,,0
221302461149.0,0.8203418,"days_tenure, age_in_years, marital_status",521300891746.0,704.744621,51.0,2022-10-12,32,1991-02-19,32.795242,-96.722387,Dallas,TX,Dallas,5000.0,1.0,2.0,Married,75000 - 99999,0.0,0.0,0.0,,0
221303076413.0,0.8203391,"days_tenure, age_in_years, income",521301305973.0,1038.306763,110.0,2022-08-14,48,1974-11-24,32.804639,-96.748357,Dallas,TX,Dallas,12500.0,1.0,3.0,Married,25000 - 49999,0.0,0.0,0.0,,0
221302810575.0,0.8203099,"days_tenure, age_in_years, marital_status",521301040135.0,1179.436108,125.0,2022-07-30,52,1970-11-25,32.709942,-97.319633,Fort Worth,TX,Tarrant,5000.0,0.0,5.0,Single,25000 - 49999,0.0,0.0,0.0,2022-11-13,1
221300558077.0,0.82025,"days_tenure, age_in_years, home_value_lower",521300206728.0,1159.161772,86.0,2022-09-07,41,1981-05-22,33.024464,-96.823595,Plano,TX,Collin,187500.0,1.0,2.0,Married,175000 - 199999,1.0,1.0,1.0,2022-07-13,1
221301050465.0,0.8201823,"days_tenure, age_in_years, marital_status",521300383848.0,925.817901,71.0,2022-09-22,37,1985-07-22,32.791965,-97.368452,Fort Worth,TX,Tarrant,5000.0,1.0,15.0,Married,25000 - 49999,1.0,0.0,0.0,2022-10-23,1
221300931597.0,0.820161,"days_tenure, age_in_years, home_value_lower",521300342527.0,1143.357462,143.0,2022-07-12,37,1985-06-21,32.806289,-96.817496,Dallas,TX,Dallas,5000.0,1.0,4.0,Married,175000 - 199999,1.0,0.0,0.0,2021-12-25,1
221300720437.0,0.8200904,"days_tenure, age_in_years, marital_status",521300264538.0,959.439453,69.0,2022-09-24,37,1986-03-21,32.782242999999994,-96.862102,Dallas,TX,Dallas,5000.0,1.0,3.0,Married,75000 - 99999,1.0,0.0,0.0,,0
221300768226.0,0.82004493,"days_tenure, age_in_years, marital_status",521300281945.0,980.731438,136.0,2022-07-19,55,1967-08-27,32.796053,-96.847407,Dallas,TX,Dallas,5000.0,0.0,13.0,Married,75000 - 99999,1.0,0.0,0.0,,0
221302961162.0,0.8199777,"days_tenure, income, age_in_years",521301190722.0,954.336223,86.0,2022-09-07,41,1981-05-22,32.79107,-97.335351,Fort Worth,TX,Tarrant,22500.0,1.0,4.0,Married,25000 - 49999,1.0,0.0,0.0,,0
221301710580.0,0.8199407,"days_tenure, age_in_years, marital_status",521300620529.0,862.882148,172.0,2022-06-13,41,1981-06-22,32.749001,-96.829146,Dallas,TX,Dallas,5000.0,1.0,15.0,Married,50000 - 74999,1.0,0.0,0.0,2022-02-07,1
221303260808.0,0.81982285,"days_tenure, income, age_in_years",521301490371.0,613.365996,82.0,2022-09-11,40,1982-08-22,32.727233,-97.277348,Fort Worth,TX,Tarrant,32500.0,1.0,6.0,Married,25000 - 49999,1.0,0.0,0.0,,0
221302100746.0,0.8197841,"days_tenure, income, age_in_years",521300759521.0,972.462925,125.0,2022-07-30,52,1970-09-25,32.72198,-97.317171,Fort Worth,TX,Tarrant,22500.0,0.0,2.0,Married,75000 - 99999,1.0,0.0,0.0,,0
221300687546.0,0.8197332,"days_tenure, income, age_in_years",521300252221.0,846.96385,81.0,2022-09-12,40,1982-10-22,32.705564,-97.07508,Arlington,TX,Tarrant,17500.0,0.0,11.0,Married,50000 - 74999,1.0,0.0,1.0,,0
221301416783.0,0.8196217,"days_tenure, age_in_years, income",521300515713.0,794.991389,86.0,2022-09-07,30,1993-04-19,32.693653,-97.279656,Fort Worth,TX,Tarrant,32500.0,1.0,15.0,Married,25000 - 49999,1.0,0.0,0.0,,0
221300943525.0,0.81961715,"days_tenure, age_in_years, marital_status",521300346985.0,1047.877101,81.0,2022-09-12,40,1982-10-22,32.80842,-96.703124,Dallas,TX,Dallas,5000.0,0.0,1.0,Single,100000 - 124999,0.0,0.0,0.0,,0
221301321700.0,0.8196084,"days_tenure, age_in_years, marital_status",521300481857.0,1097.324797,132.0,2022-07-23,36,1986-11-21,32.717626,-97.277296,Fort Worth,TX,Tarrant,5000.0,0.0,8.0,Single,25000 - 49999,1.0,0.0,0.0,2022-01-28,1
221302216365.0,0.8195997,"days_tenure, age_in_years, income",521300800990.0,984.43435,136.0,2022-07-19,36,1986-05-21,,,Fort Worth,TX,Tarrant,12500.0,1.0,9.0,Married,75000 - 99999,1.0,0.0,0.0,,0
221300720650.0,0.819552,"days_tenure, income, age_in_years",521300264624.0,615.586429,126.0,2022-07-29,52,1970-08-25,,,Bedford,TX,Tarrant,12500.0,1.0,0.0,Married,,0.0,0.0,0.0,,0
221302770807.0,0.8194883,"days_tenure, age_in_years, income",521301004830.0,820.924021,111.0,2022-08-13,48,1974-08-24,32.6811,-97.335117,Fort Worth,TX,Tarrant,12500.0,1.0,7.0,Married,100000 - 124999,1.0,0.0,0.0,,0
221300802413.0,0.8194828,"days_tenure, income, age_in_years",521300294895.0,993.383241,84.0,2022-09-09,41,1981-11-22,32.809503,-97.330553,Fort Worth,TX,Tarrant,17500.0,1.0,5.0,Married,25000 - 49999,1.0,0.0,1.0,,0
221301115068.0,0.81939197,"days_tenure, income, age_in_years",521300406901.0,849.164261,81.0,2022-09-12,40,1982-12-23,32.729737,-97.283576,Fort Worth,TX,Tarrant,12500.0,1.0,15.0,Single,50000 - 74999,1.0,0.0,0.0,2022-10-25,1
221301102960.0,0.81933457,"days_tenure, age_in_years, marital_status",521300403028.0,1222.201816,121.0,2022-08-03,51,1971-10-26,,,Dallas,TX,Dallas,5000.0,0.0,12.0,Married,25000 - 49999,0.0,0.0,0.0,,0
221302763246.0,0.81919694,"days_tenure, age_in_years, marital_status",521301001466.0,640.28324,82.0,2022-09-11,40,1982-06-22,32.942676000000006,-96.381093,,TX,,5000.0,0.0,4.0,Married,50000 - 74999,1.0,0.0,0.0,,0
221300637329.0,0.81917393,"days_tenure, income, age_in_years",521300234991.0,850.133455,85.0,2022-09-08,41,1981-09-22,32.788715,-97.293289,Fort Worth,TX,Tarrant,32500.0,1.0,12.0,Married,50000 - 74999,1.0,0.0,1.0,,0
221300210364.0,0.8191578,"days_tenure, income, marital_status",521300079814.0,946.66106,79.0,2022-09-14,40,1983-04-23,33.047428,-97.050448,Flower Mound,TX,Denton,87500.0,1.0,9.0,Married,75000 - 99999,1.0,1.0,1.0,2022-09-10,1
221302348290.0,0.81914383,"days_tenure, income, home_value_lower",521300850053.0,981.156727,79.0,2022-09-14,40,1983-04-23,32.873891,-96.742119,Dallas,TX,Dallas,250000.0,1.0,3.0,Married,175000 - 199999,1.0,1.0,1.0,,0
221301328565.0,0.81905884,"days_tenure, age_in_years, marital_status",521300484335.0,711.071893,111.0,2022-08-13,48,1974-08-24,32.712698,-97.308516,Fort Worth,TX,Tarrant,5000.0,0.0,0.0,Single,25000 - 49999,1.0,0.0,0.0,,0
221302940630.0,0.8190427,"days_tenure, income, age_in_years",521301170190.0,1201.268339,84.0,2022-09-09,41,1981-12-23,32.794737,-97.359628,Fort Worth,TX,Tarrant,12500.0,1.0,6.0,Married,50000 - 74999,1.0,0.0,0.0,,0
221301979060.0,0.8190123,"days_tenure, age_in_years, marital_status",521300716893.0,1058.376594,165.0,2022-06-20,63,1959-10-29,32.684259000000004,-97.326881,Fort Worth,TX,Tarrant,5000.0,1.0,3.0,Married,25000 - 49999,1.0,0.0,0.0,,0
221302921391.0,0.81901175,"days_tenure, age_in_years, income",521301150951.0,741.766921,132.0,2022-07-23,36,1986-11-21,32.668266,-97.346097,Fort Worth,TX,Tarrant,32500.0,1.0,5.0,Married,25000 - 49999,0.0,0.0,0.0,,0
221302430852.0,0.8189177,"days_tenure, age_in_years, income",521300880502.0,800.370478,125.0,2022-07-30,35,1987-11-22,,,Dallas,TX,Dallas,27500.0,0.0,2.0,Married,75000 - 99999,0.0,0.0,0.0,2022-07-19,1
221301181338.0,0.8188289,"days_tenure, age_in_years, income",521300430658.0,1004.787822,112.0,2022-08-12,48,1974-05-24,32.753616,-96.687297,Dallas,TX,Dallas,12500.0,1.0,15.0,Married,25000 - 49999,1.0,0.0,0.0,2022-05-24,1
221300472162.0,0.8188014,"days_tenure, income, marital_status",521300175369.0,885.959486,79.0,2022-09-14,40,1983-04-23,,,Flower Mound,TX,Denton,87500.0,1.0,0.0,Married,,0.0,1.0,1.0,,0
221301226800.0,0.81876343,"days_tenure, income, age_in_years",521300446628.0,849.79702,86.0,2022-09-07,41,1981-06-22,32.739247,-96.863181,Dallas,TX,Dallas,17500.0,1.0,5.0,Married,25000 - 49999,1.0,0.0,1.0,,0
221302139646.0,0.81860125,"days_tenure, age_in_years, home_value_lower",521300773571.0,1005.585096,126.0,2022-07-29,52,1970-08-25,32.823127,-96.757604,Dallas,TX,Dallas,187500.0,1.0,5.0,Married,150000 - 174999,1.0,1.0,1.0,,0
221300859324.0,0.8185824,"days_tenure, income, age_in_years",521300315960.0,955.68731,86.0,2022-09-07,41,1981-07-23,32.790414000000006,-97.358153,Fort Worth,TX,Tarrant,32500.0,1.0,15.0,Married,50000 - 74999,1.0,0.0,1.0,,0
221302634040.0,0.8184748,"days_tenure, income, age_in_years",521300953873.0,959.722492,83.0,2022-09-10,40,1982-05-22,32.813214,-96.692867,Dallas,TX,Dallas,32500.0,1.0,3.0,Married,125000 - 149999,1.0,0.0,1.0,2022-04-18,1
221302733666.0,0.8184176,"days_tenure, age_in_years, income",521300989859.0,1200.014832,125.0,2022-07-30,52,1970-09-25,32.686549,-96.661404,Dallas,TX,Dallas,17500.0,1.0,2.0,Married,125000 - 149999,1.0,0.0,0.0,,0
221300185347.0,0.8184046,"days_tenure, income, age_in_years",521300070218.0,849.157258,83.0,2022-09-10,41,1982-03-22,32.724321,-96.837097,Dallas,TX,Dallas,32500.0,0.0,7.0,Married,25000 - 49999,1.0,0.0,0.0,,0
221302988821.0,0.8182849,"days_tenure, income, age_in_years",521301218381.0,1129.75743,83.0,2022-09-10,40,1982-05-22,33.243577,-97.138065,Denton,TX,Denton,32500.0,1.0,10.0,Married,50000 - 74999,1.0,0.0,1.0,2022-08-22,1
221300308521.0,0.8182442,"days_tenure, income, age_in_years",521300116311.0,1025.555982,126.0,2022-07-29,52,1970-06-25,32.835502,-96.696281,Dallas,TX,Dallas,12500.0,1.0,4.0,Married,50000 - 74999,1.0,0.0,0.0,2022-01-12,1
221301397065.0,0.8182256,"days_tenure, age_in_years, marital_status",521300509221.0,809.922325,57.0,2022-10-06,33,1989-06-20,32.700833,-96.841616,Dallas,TX,Dallas,5000.0,1.0,7.0,Married,75000 - 99999,0.0,0.0,0.0,2022-05-30,1
221301205617.0,0.81820863,"days_tenure, income, marital_status",521300439131.0,1083.965748,79.0,2022-09-14,40,1983-04-23,,,Grand Prairie,TX,Dallas,87500.0,1.0,0.0,Married,,0.0,1.0,1.0,,0
221302859774.0,0.8181533,"days_tenure, age_in_years, marital_status",521301089334.0,725.149325,82.0,2022-09-11,40,1982-07-23,32.73104,-97.33626,Fort Worth,TX,Tarrant,5000.0,1.0,7.0,Single,25000 - 49999,1.0,1.0,0.0,2022-09-20,1
221302351300.0,0.81811816,"days_tenure, age_in_years, marital_status",521300851191.0,748.562507,116.0,2022-08-08,50,1973-03-24,32.722393,-96.705331,Dallas,TX,Dallas,5000.0,1.0,2.0,Married,25000 - 49999,1.0,0.0,0.0,2022-11-19,1
221303143000.0,0.8180762,"days_tenure, income, age_in_years",521301372561.0,895.144421,84.0,2022-09-09,41,1982-01-20,32.804667,-97.404446,Fort Worth,TX,Tarrant,32500.0,1.0,4.0,Married,50000 - 74999,0.0,0.0,0.0,,0
221302104468.0,0.8180098,"days_tenure, age_in_years, income",521300760881.0,960.684658,86.0,2022-09-07,41,1981-07-23,,,Arlington,TX,Tarrant,17500.0,0.0,2.0,Single,75000 - 99999,0.0,0.0,0.0,,0
221303281675.0,0.8180063,"days_tenure, age_in_years, marital_status",521301511238.0,837.168958,126.0,2022-07-29,52,1970-07-26,32.765602,-96.797776,,TX,,5000.0,1.0,2.0,Single,100000 - 124999,0.0,0.0,0.0,,0
221301106879.0,0.81794494,"days_tenure, income, age_in_years",521300404404.0,775.433068,51.0,2022-10-12,32,1991-01-19,32.728581,-96.863562,Dallas,TX,Dallas,27500.0,1.0,14.0,Married,25000 - 49999,1.0,0.0,0.0,,0
221303000682.0,0.81792843,"days_tenure, age_in_years, marital_status",521301230242.0,1006.427353,53.0,2022-10-10,32,1990-06-20,32.71595,-97.286063,Fort Worth,TX,Tarrant,5000.0,1.0,8.0,Single,25000 - 49999,1.0,0.0,0.0,2022-09-09,1
221303029300.0,0.8179076,"days_tenure, age_in_years, marital_status",521301258860.0,575.420195,95.0,2022-08-29,44,1978-12-24,32.746107,-96.823275,Dallas,TX,Dallas,5000.0,0.0,15.0,Married,50000 - 74999,1.0,0.0,0.0,,0
221300172233.0,0.81785536,"days_tenure, income, city",521300065229.0,960.902616,79.0,2022-09-14,40,1983-04-23,32.801645,-96.931996,Irving,TX,Dallas,22500.0,1.0,8.0,Married,50000 - 74999,0.0,0.0,0.0,2022-08-19,1
221302378861.0,0.8178451,"days_tenure, age_in_years, marital_status",521300861490.0,1214.356607,95.0,2022-08-29,44,1979-02-22,32.756316,-96.826587,Dallas,TX,Dallas,5000.0,1.0,13.0,Married,25000 - 49999,1.0,0.0,0.0,2022-10-16,1
221303269165.0,0.81783795,"days_tenure, age_in_years, income",521301498728.0,905.938816,128.0,2022-07-27,35,1987-06-22,32.752823,-96.656961,Dallas,TX,Dallas,12500.0,1.0,11.0,Married,50000 - 74999,0.0,0.0,0.0,,0
221300040704.0,0.8178375,"days_tenure, age_in_years, home_value_lower",521300014669.0,814.013017,117.0,2022-08-07,50,1973-01-22,32.885684,-96.716481,Dallas,TX,Dallas,187500.0,1.0,5.0,Married,125000 - 149999,1.0,1.0,1.0,2022-09-16,1
221300104217.0,0.8178224,"days_tenure, income, age_in_years",521300039586.0,1029.276925,82.0,2022-09-11,40,1982-07-23,32.889575,-96.773177,Dallas,TX,Dallas,17500.0,1.0,5.0,Married,50000 - 74999,1.0,0.0,1.0,,0
221300494188.0,0.81782126,"days_tenure, income, home_value_lower",521300184014.0,1045.842997,79.0,2022-09-14,40,1983-04-23,33.117771,-96.622903,Allen,TX,Collin,87500.0,0.0,1.0,Married,300000 - 349999,1.0,0.0,1.0,2022-07-15,1
221302914782.0,0.8177702,"days_tenure, age_in_years, home_value_lower",521301144342.0,961.678955,89.0,2022-09-04,42,1980-07-24,32.835131,-97.114634,Euless,TX,Tarrant,187500.0,1.0,4.0,Married,125000 - 149999,1.0,0.0,1.0,2021-12-23,1
221301156428.0,0.81775147,"days_tenure, age_in_years, marital_status",521300421418.0,1063.366764,95.0,2022-08-29,44,1978-11-23,32.806823,-97.346745,Fort Worth,TX,Tarrant,5000.0,1.0,15.0,Married,50000 - 74999,1.0,0.0,0.0,2022-04-27,1
221301274479.0,0.81773525,"days_tenure, income, age_in_years",521300464796.0,707.242881,123.0,2022-08-01,52,1971-03-26,32.702128,-97.346906,Fort Worth,TX,Tarrant,17500.0,1.0,13.0,Married,50000 - 74999,1.0,0.0,1.0,2022-05-29,1
221300449803.0,0.81770885,"days_tenure, age_in_years, marital_status",521300168092.0,957.71282,114.0,2022-08-10,49,1973-09-24,32.834991,-96.69237,Dallas,TX,Dallas,187500.0,1.0,7.0,Married,50000 - 74999,1.0,1.0,1.0,2022-05-29,1
221301550156.0,0.8177067,"days_tenure, income, age_in_years",521300562423.0,767.837242,82.0,2022-09-11,40,1982-07-23,32.782903000000005,-96.910684,Dallas,TX,Dallas,22500.0,1.0,8.0,Married,125000 - 149999,1.0,0.0,0.0,2022-12-02,1
221302016166.0,0.81769645,"days_tenure, income, age_in_years",521300730030.0,941.544084,85.0,2022-09-08,41,1981-09-22,32.809635,-96.855269,Dallas,TX,Dallas,32500.0,1.0,9.0,Married,50000 - 74999,1.0,0.0,0.0,2022-09-27,1
221300346092.0,0.81762034,"days_tenure, age_in_years, marital_status",521300130316.0,929.89073,81.0,2022-09-12,40,1982-10-22,32.705357,-96.575043,Dallas,TX,Dallas,5000.0,1.0,2.0,Single,75000 - 99999,1.0,0.0,0.0,2022-11-25,1
221303012281.0,0.8176075,"days_tenure, income, home_value_lower",521301241841.0,1216.675001,79.0,2022-09-14,40,1983-04-23,33.175917,-96.882542,Little Elm,TX,Denton,62500.0,1.0,7.0,Married,125000 - 149999,1.0,1.0,1.0,2022-10-31,1
221302323690.0,0.817493,"days_tenure, income, age_in_years",521300840724.0,930.844819,84.0,2022-09-09,41,1982-01-20,32.751769,-96.871532,Dallas,TX,Dallas,12500.0,1.0,8.0,Married,50000 - 74999,1.0,1.0,0.0,2022-06-19,1
221301044475.0,0.8174748,"days_tenure, age_in_years, marital_status",521300381504.0,1004.654221,117.0,2022-08-07,50,1973-01-22,,,Dallas,TX,Dallas,5000.0,0.0,7.0,Married,100000 - 124999,0.0,0.0,0.0,,0
221301012199.0,0.81744075,"days_tenure, age_in_years, income",521300370955.0,930.861242,116.0,2022-08-08,49,1973-05-24,32.726364,-96.80673,Dallas,TX,Dallas,12500.0,1.0,3.0,Married,50000 - 74999,0.0,0.0,0.0,,0
221301462150.0,0.81743276,"days_tenure, age_in_years, marital_status",521300531826.0,1165.054999,127.0,2022-07-28,53,1970-02-23,32.708966000000004,-97.362359,Fort Worth,TX,Tarrant,187500.0,1.0,10.0,Married,50000 - 74999,1.0,0.0,1.0,,0
221300272308.0,0.8172026,"days_tenure, age_in_years, home_value_lower",521300103160.0,1076.865979,85.0,2022-09-08,41,1981-10-22,32.850252000000005,-96.49803,Rockwall,TX,Rockwall,187500.0,1.0,2.0,Married,175000 - 199999,1.0,0.0,1.0,2022-04-19,1
221301770917.0,0.81719667,"days_tenure, age_in_years, college_degree",521300642752.0,1115.13273,125.0,2022-07-30,52,1970-11-25,32.7149,-97.248916,Fort Worth,TX,Tarrant,5000.0,0.0,9.0,Married,25000 - 49999,1.0,1.0,0.0,2022-04-02,1
221300282440.0,0.8171796,"days_tenure, income, age_in_years",521300106948.0,952.907238,83.0,2022-09-10,41,1982-04-22,,,Balch Springs,TX,Dallas,32500.0,1.0,0.0,Married,,0.0,0.0,0.0,2022-06-11,1
221301107066.0,0.8171591,"days_tenure, age_in_years, income",521300404478.0,623.00856,62.0,2022-10-01,35,1987-12-23,32.731051,-96.859103,Dallas,TX,Dallas,27500.0,1.0,9.0,Married,25000 - 49999,1.0,0.0,0.0,2021-12-23,1
221301071820.0,0.81709796,"days_tenure, income, age_in_years",521300391497.0,1004.694452,84.0,2022-09-09,41,1981-11-22,,,Fort Worth,TX,Tarrant,22500.0,1.0,2.0,Married,50000 - 74999,0.0,0.0,0.0,2022-01-10,1
221302545328.0,0.81704247,"days_tenure, age_in_years, marital_status",521300922487.0,1258.935033,66.0,2022-09-27,36,1986-12-22,32.695884,-97.32632,Fort Worth,TX,Tarrant,5000.0,1.0,15.0,Married,25000 - 49999,1.0,0.0,0.0,2022-09-09,1
221303028822.0,0.81704193,"days_tenure, income, marital_status",521301258382.0,701.797498,79.0,2022-09-14,40,1983-04-23,32.787436,-96.83228,Dallas,TX,Dallas,12500.0,1.0,5.0,Single,25000 - 49999,1.0,1.0,0.0,,0
221302360427.0,0.81698394,"days_tenure, age_in_years, marital_status",521300854508.0,771.904597,124.0,2022-07-31,52,1971-02-24,,,The Colony,TX,Denton,187500.0,1.0,0.0,Married,,0.0,1.0,1.0,2022-07-19,1
221300683841.0,0.8169236,"days_tenure, income, latitude",521300250975.0,855.438785,79.0,2022-09-14,40,1983-04-23,32.626772,-97.290114,Fort Worth,TX,Tarrant,52500.0,0.0,6.0,Married,75000 - 99999,0.0,0.0,1.0,,0
221300476679.0,0.81690294,"days_tenure, income, age_in_years",521300177137.0,1191.335486,105.0,2022-08-19,32,1990-08-20,32.712378,-97.130445,Arlington,TX,Tarrant,32500.0,0.0,4.0,Married,50000 - 74999,1.0,0.0,1.0,2022-04-15,1
221302538689.0,0.8168996,"days_tenure, age_in_years, marital_status",521300919900.0,913.024998,141.0,2022-07-14,56,1966-06-26,32.690825,-97.325377,Fort Worth,TX,Tarrant,5000.0,1.0,15.0,Married,25000 - 49999,1.0,0.0,0.0,,0
221301142474.0,0.8168756,"days_tenure, age_in_years, income",521300416636.0,940.536602,114.0,2022-08-10,49,1973-10-24,32.713351,-96.790582,Dallas,TX,Dallas,5000.0,0.0,14.0,Married,50000 - 74999,1.0,0.0,1.0,2022-01-28,1
221301543809.0,0.8167687,"days_tenure, age_in_years, marital_status",521300560110.0,742.031605,137.0,2022-07-18,55,1967-07-28,32.771178,-96.756299,Dallas,TX,Dallas,5000.0,0.0,13.0,Married,50000 - 74999,1.0,0.0,0.0,,0
221301382144.0,0.81675786,"days_tenure, age_in_years, income",521300503607.0,854.807936,114.0,2022-08-10,49,1973-09-24,32.702373,-97.323858,Fort Worth,TX,Tarrant,27500.0,1.0,9.0,Single,25000 - 49999,1.0,0.0,0.0,2021-12-24,1
221303033516.0,0.81672674,"days_tenure, income, age_in_years",521301263076.0,1032.214802,125.0,2022-07-30,52,1970-10-25,32.767086000000006,-96.659719,Dallas,TX,Dallas,17500.0,1.0,1.0,Married,25000 - 49999,0.0,0.0,1.0,,0
221301302703.0,0.81666243,"days_tenure, age_in_years, marital_status",521300474992.0,619.267248,110.0,2022-08-14,48,1974-12-25,32.698097999999995,-97.282935,Fort Worth,TX,Tarrant,5000.0,0.0,5.0,Single,25000 - 49999,1.0,0.0,0.0,2022-09-28,1
221300889349.0,0.81657743,"days_tenure, age_in_years, income",521300327338.0,496.368442,121.0,2022-08-03,51,1971-10-26,,,Dallas,TX,Dallas,5000.0,0.0,0.0,Married,,0.0,0.0,0.0,,0
221300961881.0,0.8165585,"days_tenure, income, age_in_years",521300353310.0,850.243439,86.0,2022-09-07,41,1981-06-22,32.844488,-96.857396,Dallas,TX,Dallas,22500.0,0.0,15.0,Married,50000 - 74999,1.0,0.0,0.0,2022-07-18,1
221302726918.0,0.816517,"days_tenure, income, marital_status",521300987695.0,958.519911,79.0,2022-09-14,40,1983-04-23,33.197885,-96.736983,Mckinney,TX,Collin,70000.0,1.0,6.0,Married,100000 - 124999,1.0,0.0,1.0,,0
221302088657.0,0.8165033,"days_tenure, income, age_in_years",521300755127.0,996.101921,100.0,2022-08-24,32,1991-04-21,33.201105000000005,-96.613461,Mckinney,TX,Collin,62500.0,1.0,3.0,Married,100000 - 124999,1.0,0.0,1.0,2022-01-30,1
221301424054.0,0.8164507,"days_tenure, income, home_value_lower",521300518401.0,699.515306,79.0,2022-09-14,40,1983-04-23,32.939708,-96.854551,Dallas,TX,Dallas,125000.0,1.0,11.0,Married,175000 - 199999,1.0,0.0,1.0,,0
221303093112.0,0.81635463,"days_tenure, income, age_in_years",521301322672.0,933.890572,86.0,2022-09-07,41,1981-06-22,32.645897,-96.786661,Lancaster,TX,Dallas,32500.0,1.0,13.0,Married,75000 - 99999,1.0,0.0,0.0,2022-07-22,1
221300874977.0,0.8163534,"days_tenure, age_in_years, marital_status",521300321931.0,814.858512,83.0,2022-09-10,41,1982-04-22,32.704193,-97.083218,Arlington,TX,Tarrant,5000.0,0.0,3.0,Single,75000 - 99999,0.0,0.0,0.0,,0
221300172340.0,0.81631905,"days_tenure, income, age_in_years",521300065269.0,612.623843,85.0,2022-09-08,41,1981-10-22,32.704531,-97.332033,Fort Worth,TX,Tarrant,17500.0,0.0,15.0,Married,50000 - 74999,1.0,0.0,1.0,2022-11-01,1
221303026183.0,0.81631684,"days_tenure, income, age_in_years",521301255743.0,873.26507,51.0,2022-10-12,32,1991-02-19,32.699606,-97.352355,Fort Worth,TX,Tarrant,27500.0,0.0,4.0,Married,50000 - 74999,1.0,1.0,0.0,2022-03-14,1
221301598423.0,0.8162689,"days_tenure, age_in_years, marital_status",521300579473.0,1139.117907,157.0,2022-06-28,39,1983-06-23,32.780612999999995,-97.355597,Fort Worth,TX,Tarrant,5000.0,1.0,7.0,Married,50000 - 74999,1.0,1.0,0.0,2022-06-13,1
221303169389.0,0.8162687,"days_tenure, income, age_in_years",521301398951.0,1329.609137,82.0,2022-09-11,40,1982-08-22,32.73987,-96.709433,Dallas,TX,Dallas,32500.0,1.0,3.0,Married,100000 - 124999,1.0,0.0,1.0,,0
221301897875.0,0.81626177,"days_tenure, age_in_years, college_degree",521300687666.0,1105.662484,123.0,2022-08-01,35,1988-02-20,32.729143,-97.252925,Fort Worth,TX,Tarrant,5000.0,1.0,13.0,Married,25000 - 49999,1.0,1.0,0.0,2022-09-15,1
221302864825.0,0.81624866,"days_tenure, age_in_years, latitude",521301094385.0,967.59098,132.0,2022-07-23,36,1986-11-21,32.555105,-97.343406,Burleson,TX,Johnson,187500.0,1.0,3.0,Married,75000 - 99999,1.0,0.0,1.0,,0
221302808784.0,0.81622523,"days_tenure, age_in_years, marital_status",521301038344.0,1105.586222,120.0,2022-08-04,51,1972-01-24,32.729332,-96.794053,Dallas,TX,Dallas,5000.0,0.0,11.0,Single,50000 - 74999,1.0,0.0,0.0,,0
221302810824.0,0.81620324,"days_tenure, income, age_in_years",521301040384.0,864.131985,86.0,2022-09-07,41,1981-06-22,32.750525,-96.991552,Grand Prairie,TX,Dallas,32500.0,1.0,9.0,Married,100000 - 124999,1.0,0.0,1.0,,0
221302882139.0,0.81619036,"days_tenure, income, age_in_years",521301111699.0,1102.490962,124.0,2022-07-31,52,1970-12-26,32.733194,-97.331805,Fort Worth,TX,Tarrant,22500.0,1.0,15.0,Married,50000 - 74999,1.0,0.0,0.0,,0
221302327410.0,0.81617475,"days_tenure, income, home_value_lower",521300842100.0,963.96691,79.0,2022-09-14,40,1983-04-23,33.011499,-96.557646,Wylie,TX,Collin,70000.0,1.0,7.0,Married,125000 - 149999,1.0,0.0,1.0,2022-06-10,1
221300102155.0,0.81617194,"days_tenure, age_in_years, income",521300038793.0,1084.308176,112.0,2022-08-12,48,1974-05-24,32.790178,-96.834715,Dallas,TX,Dallas,12500.0,1.0,11.0,Married,75000 - 99999,1.0,0.0,0.0,2022-05-30,1
221300466054.0,0.8161526,"days_tenure, income, curr_ann_amt",521300173567.0,1313.92784,79.0,2022-09-14,40,1983-04-23,32.83978,-97.623233,Azle,TX,Tarrant,62500.0,1.0,4.0,Married,75000 - 99999,1.0,0.0,1.0,2021-12-20,1
221301588632.0,0.8160651,"days_tenure, age_in_years, income",521300575764.0,1002.61937,67.0,2022-09-26,36,1986-10-21,32.669017000000004,-96.75211,Dallas,TX,Dallas,5000.0,1.0,15.0,Married,75000 - 99999,1.0,0.0,0.0,,0
221302678063.0,0.81598556,"days_tenure, age_in_years, curr_ann_amt",521300970545.0,1303.67055,143.0,2022-07-12,37,1985-06-21,33.200657,-97.147042,Denton,TX,Denton,5000.0,1.0,3.0,Married,50000 - 74999,1.0,0.0,0.0,2021-12-20,1
221301836564.0,0.81593776,"days_tenure, age_in_years, home_value_lower",521300665464.0,874.698003,135.0,2022-07-20,55,1968-02-25,32.905759,-96.827844,Dallas,TX,Dallas,187500.0,1.0,14.0,Married,125000 - 149999,1.0,0.0,1.0,2022-10-13,1
221300556450.0,0.8158858,"days_tenure, income, age_in_years",521300206081.0,835.343799,124.0,2022-07-31,52,1971-02-24,32.715965999999995,-97.086087,Arlington,TX,Tarrant,17500.0,1.0,12.0,Married,50000 - 74999,1.0,0.0,1.0,2022-06-08,1
221300672258.0,0.81587505,"days_tenure, age_in_years, marital_status",521300247635.0,921.575953,116.0,2022-08-08,50,1973-03-24,32.783526,-96.849911,Dallas,TX,Dallas,5000.0,1.0,15.0,Married,50000 - 74999,1.0,0.0,0.0,2021-12-12,1
221301578782.0,0.81574655,"days_tenure, age_in_years, income",521300572166.0,868.693284,105.0,2022-08-19,32,1990-08-20,,,Balch Springs,TX,Dallas,32500.0,1.0,0.0,Married,,0.0,0.0,0.0,,0
221301525985.0,0.8156658,"days_tenure, age_in_years, income",521300554127.0,1110.948896,142.0,2022-07-13,37,1985-07-22,32.711098,-97.276172,Fort Worth,TX,Tarrant,12500.0,0.0,4.0,Married,25000 - 49999,0.0,0.0,0.0,,0
221302910862.0,0.81565547,"days_tenure, age_in_years, marital_status",521301140422.0,934.120731,89.0,2022-09-04,42,1980-07-24,32.766386000000004,-97.328886,Fort Worth,TX,Tarrant,5000.0,1.0,3.0,Single,25000 - 49999,0.0,0.0,0.0,,0
221301828032.0,0.81559885,"days_tenure, income, age_in_years",521300662389.0,845.075565,81.0,2022-09-12,40,1982-10-22,32.837605,-96.832559,Dallas,TX,Dallas,32500.0,1.0,8.0,Married,75000 - 99999,1.0,1.0,0.0,,0
221301227707.0,0.8155525,"days_tenure, age_in_years, curr_ann_amt",521300446992.0,386.590539,81.0,2022-09-12,40,1982-10-22,32.732586999999995,-97.274998,Fort Worth,TX,Tarrant,17500.0,1.0,2.0,Married,25000 - 49999,0.0,1.0,0.0,,0
221300877428.0,0.81550705,"days_tenure, age_in_years, marital_status",521300322815.0,1036.474905,54.0,2022-10-09,33,1990-04-20,32.723694,-96.779993,Dallas,TX,Dallas,5000.0,1.0,9.0,Married,25000 - 49999,1.0,0.0,0.0,,0
221303192720.0,0.8153942,"days_tenure, age_in_years, home_value_lower",521301422282.0,905.692482,123.0,2022-08-01,52,1971-03-26,32.972914,-96.785857,Dallas,TX,Dallas,187500.0,1.0,13.0,Married,175000 - 199999,1.0,1.0,1.0,,0
221303255196.0,0.81530094,"days_tenure, age_in_years, marital_status",521301484759.0,622.294377,117.0,2022-08-07,50,1973-01-22,32.666769,-97.111988,Arlington,TX,Tarrant,187500.0,1.0,9.0,Married,75000 - 99999,1.0,0.0,1.0,,0
221300436659.0,0.8152594,"days_tenure, income, age_in_years",521300163410.0,1115.193733,81.0,2022-09-12,40,1982-10-22,32.746359,-96.654561,Dallas,TX,Dallas,32500.0,1.0,11.0,Married,50000 - 74999,1.0,0.0,0.0,,0
221300596812.0,0.81522053,"days_tenure, income, age_in_years",521300221102.0,902.62203,126.0,2022-07-29,52,1970-06-25,32.737565999999994,-97.133504,Arlington,TX,Tarrant,27500.0,0.0,12.0,Single,75000 - 99999,0.0,0.0,0.0,2022-11-30,1
221300442551.0,0.8151933,"days_tenure, age_in_years, marital_status",521300165542.0,855.027965,76.0,2022-09-17,28,1994-07-20,32.790954,-96.746033,Dallas,TX,Dallas,5000.0,1.0,2.0,Single,50000 - 74999,0.0,0.0,0.0,2022-11-29,1
221301767518.0,0.81516445,"days_tenure, income, age_in_years",521300641537.0,913.364763,84.0,2022-09-09,41,1981-12-23,32.795027000000005,-96.755635,Dallas,TX,Dallas,22500.0,1.0,10.0,Married,50000 - 74999,1.0,0.0,0.0,,0
221300352655.0,0.81513786,"days_tenure, age_in_years, marital_status",521300132853.0,1100.306161,95.0,2022-08-29,44,1978-11-23,32.739937999999995,-96.813566,Dallas,TX,Dallas,5000.0,1.0,6.0,Married,25000 - 49999,1.0,0.0,0.0,,0
221303199000.0,0.81513476,"days_tenure, income, marital_status",521301428562.0,1274.364491,79.0,2022-09-14,40,1983-04-23,32.830074,-96.747058,Dallas,TX,Dallas,125000.0,1.0,2.0,Married,75000 - 99999,1.0,1.0,1.0,,0
221302067007.0,0.8151262,"days_tenure, age_in_years, marital_status",521300747941.0,809.090094,139.0,2022-07-16,56,1967-01-25,32.720361000000004,-97.420928,Fort Worth,TX,Tarrant,5000.0,1.0,5.0,Married,25000 - 49999,0.0,0.0,0.0,,0
221303221388.0,0.81497294,"days_tenure, age_in_years, marital_status",521301450950.0,1171.896104,67.0,2022-09-26,36,1986-10-21,32.881741,-96.747194,Dallas,TX,Dallas,187500.0,0.0,1.0,Married,100000 - 124999,1.0,0.0,1.0,2021-12-14,1
221301652781.0,0.8149704,"days_tenure, age_in_years, marital_status",521300599613.0,1041.077661,134.0,2022-07-21,55,1968-04-26,32.681315,-97.173722,Arlington,TX,Tarrant,187500.0,1.0,6.0,Married,75000 - 99999,1.0,0.0,1.0,,0
221301367918.0,0.8148237,"days_tenure, income, age_in_years",521300498485.0,1052.364247,85.0,2022-09-08,41,1981-08-22,32.676061,-97.369642,Fort Worth,TX,Tarrant,17500.0,0.0,7.0,Married,25000 - 49999,1.0,0.0,1.0,2022-10-11,1
221301855978.0,0.81481075,"days_tenure, age_in_years, marital_status",521300671679.0,1047.244116,149.0,2022-07-06,59,1964-04-27,32.753541,-96.754142,Dallas,TX,Dallas,5000.0,1.0,1.0,Married,50000 - 74999,1.0,0.0,0.0,,0
221301770671.0,0.8147685,"days_tenure, age_in_years, marital_status",521300642650.0,1138.072248,91.0,2022-09-02,43,1980-03-23,32.670582,-97.323217,Fort Worth,TX,Tarrant,5000.0,1.0,12.0,Married,75000 - 99999,1.0,0.0,0.0,2021-12-31,1
221301326414.0,0.8147482,"days_tenure, income, age_in_years",521300483559.0,820.473557,123.0,2022-08-01,52,1971-03-26,32.641508,-97.333664,Fort Worth,TX,Tarrant,32500.0,1.0,8.0,Married,50000 - 74999,1.0,0.0,1.0,2021-12-15,1
221301462100.0,0.81471235,"days_tenure, age_in_years, marital_status",521300531806.0,771.113869,160.0,2022-06-25,40,1983-02-21,32.82224,-97.275903,Haltom City,TX,Tarrant,5000.0,1.0,7.0,Single,25000 - 49999,1.0,0.0,0.0,2022-06-16,1
221302828204.0,0.8146479,"days_tenure, income, age_in_years",521301057764.0,1000.654472,126.0,2022-07-29,52,1970-08-25,,,Richardson,TX,Dallas,32500.0,1.0,0.0,Married,,0.0,0.0,1.0,2022-03-17,1
221301193979.0,0.814645,"days_tenure, income, age_in_years",521300434919.0,1186.555518,122.0,2022-08-02,51,1971-09-26,32.780933999999995,-97.306188,Fort Worth,TX,Tarrant,12500.0,1.0,15.0,Married,50000 - 74999,1.0,0.0,0.0,,0
221301176968.0,0.81450444,"days_tenure, age_in_years, home_value_lower",521300429099.0,738.95548,126.0,2022-07-29,52,1970-06-25,32.987665,-96.740966,Richardson,TX,Dallas,187500.0,1.0,3.0,Married,200000 - 224999,1.0,1.0,1.0,,0
221302812323.0,0.81445175,"days_tenure, age_in_years, marital_status",521301041883.0,654.234207,109.0,2022-08-15,48,1975-01-23,32.746899,-97.306304,Fort Worth,TX,Tarrant,5000.0,0.0,9.0,Married,25000 - 49999,1.0,0.0,0.0,,0
221301714970.0,0.8144449,"days_tenure, age_in_years, home_value_lower",521300622107.0,872.254475,114.0,2022-08-10,49,1973-11-24,32.865752,-96.804443,Dallas,TX,Dallas,187500.0,1.0,3.0,Married,200000 - 224999,1.0,1.0,1.0,2022-04-01,1
221302989677.0,0.8144384,"days_tenure, age_in_years, marital_status",521301219237.0,987.194417,84.0,2022-09-09,41,1982-02-20,32.708929999999995,-97.334822,Fort Worth,TX,Tarrant,5000.0,1.0,5.0,Single,50000 - 74999,1.0,1.0,0.0,2022-09-20,1
221300772833.0,0.81443673,"days_tenure, age_in_years, marital_status",521300283801.0,725.239079,137.0,2022-07-18,37,1986-03-21,32.938231,-96.363073,Royse City,TX,Rockwall,187500.0,1.0,8.0,Married,100000 - 124999,1.0,0.0,1.0,2022-09-23,1
221303026018.0,0.81443644,"days_tenure, age_in_years, marital_status",521301255578.0,1074.969452,104.0,2022-08-20,32,1990-10-20,32.767104999999994,-96.765275,Dallas,TX,Dallas,5000.0,0.0,6.0,Single,25000 - 49999,0.0,0.0,0.0,2022-04-10,1
221301274554.0,0.81442434,"days_tenure, age_in_years, marital_status",521300464825.0,940.420138,160.0,2022-06-25,40,1983-01-21,,,Arlington,TX,Tarrant,5000.0,1.0,6.0,Single,150000 - 174999,0.0,0.0,0.0,2021-12-21,1
221300220498.0,0.81437397,"days_tenure, income, marital_status",521300083488.0,816.791394,79.0,2022-09-14,40,1983-04-23,,,Lewisville,TX,Denton,125000.0,1.0,0.0,Married,,0.0,0.0,1.0,2022-03-12,1
221301280067.0,0.8143408,"days_tenure, income, age_in_years",521300466692.0,912.282616,85.0,2022-09-08,41,1981-10-22,32.779946,-96.90148,Dallas,TX,Dallas,12500.0,1.0,14.0,Married,75000 - 99999,1.0,1.0,0.0,,0
221301669564.0,0.8142444,"days_tenure, age_in_years, home_value_lower",521300606024.0,828.475749,89.0,2022-09-04,30,1992-10-20,32.992327,-96.835637,Dallas,TX,Collin,187500.0,1.0,15.0,Married,200000 - 224999,1.0,1.0,1.0,,0
221300073979.0,0.81424105,"days_tenure, age_in_years, home_value_lower",521300027618.0,980.468392,112.0,2022-08-12,49,1974-04-24,,,Rockwall,TX,Rockwall,187500.0,1.0,5.0,Married,125000 - 149999,1.0,0.0,1.0,2022-09-01,1
221301475432.0,0.814217,"days_tenure, income, age_in_years",521300535997.0,683.808683,160.0,2022-06-25,40,1983-01-21,32.714575,-97.262774,Fort Worth,TX,Tarrant,32500.0,1.0,6.0,Married,25000 - 49999,1.0,0.0,0.0,2022-04-18,1
221300584132.0,0.81415987,"days_tenure, age_in_years, marital_status",521300216442.0,1016.981864,95.0,2022-08-29,44,1979-02-22,,,Fort Worth,TX,Tarrant,5000.0,0.0,11.0,Married,25000 - 49999,0.0,0.0,0.0,2022-08-13,1
221301449084.0,0.81408966,"days_tenure, age_in_years, income",521300527061.0,810.344961,142.0,2022-07-13,37,1985-08-21,32.793402,-96.870698,Dallas,TX,Dallas,12500.0,1.0,15.0,Married,50000 - 74999,1.0,0.0,0.0,2022-09-17,1
221303107914.0,0.8140885,"days_tenure, age_in_years, income",521301337475.0,907.629928,129.0,2022-07-26,53,1969-07-26,32.830569000000004,-97.308007,Fort Worth,TX,Tarrant,27500.0,1.0,15.0,Married,50000 - 74999,1.0,0.0,0.0,2022-07-26,1
221302010128.0,0.8140577,"days_tenure, income, age_in_years",521300727971.0,875.361018,82.0,2022-09-11,40,1982-07-23,,,Fort Worth,TX,Tarrant,22500.0,1.0,0.0,Married,,0.0,0.0,1.0,2022-04-22,1
221301415124.0,0.8139739,"days_tenure, income, age_in_years",521300515048.0,799.761431,120.0,2022-08-04,51,1972-03-25,32.780289,-96.907303,Dallas,TX,Dallas,12500.0,1.0,4.0,Married,50000 - 74999,1.0,0.0,0.0,2022-08-31,1
221303255640.0,0.8138825,"days_tenure, age_in_years, income",521301485203.0,740.454687,110.0,2022-08-14,48,1974-11-24,32.688528,-97.30919,Fort Worth,TX,Tarrant,12500.0,1.0,10.0,Married,50000 - 74999,1.0,1.0,0.0,,0
221301049423.0,0.8138784,"days_tenure, income, age_in_years",521300383426.0,878.935723,86.0,2022-09-07,41,1981-07-23,32.719321,-96.908588,Dallas,TX,Dallas,32500.0,1.0,8.0,Married,100000 - 124999,1.0,0.0,0.0,,0
221302668764.0,0.8138133,"days_tenure, income, marital_status",521300967190.0,1056.721576,79.0,2022-09-14,40,1983-04-23,32.744594000000006,-96.880029,Dallas,TX,Dallas,42500.0,1.0,2.0,Married,25000 - 49999,1.0,0.0,0.0,,0
221302691463.0,0.81378955,"days_tenure, age_in_years, income",521300975669.0,813.329125,89.0,2022-09-04,42,1980-09-23,32.733357,-96.669406,Dallas,TX,Dallas,27500.0,1.0,15.0,Single,25000 - 49999,1.0,0.0,0.0,,0
221301755530.0,0.8137834,"days_tenure, income, age_in_years",521300637222.0,1167.173192,82.0,2022-09-11,40,1982-08-22,32.791426,-96.758445,Dallas,TX,Dallas,32500.0,1.0,10.0,Married,50000 - 74999,1.0,0.0,0.0,,0
221301977753.0,0.8136693,"days_tenure, income, age_in_years",521300716374.0,1002.018335,82.0,2022-09-11,40,1982-08-22,32.855366000000004,-96.810546,Dallas,TX,Dallas,125000.0,1.0,5.0,Married,100000 - 124999,1.0,0.0,1.0,2022-09-02,1
221303187786.0,0.8136692,"days_tenure, income, curr_ann_amt",521301417348.0,1262.129456,79.0,2022-09-14,40,1983-04-23,32.741856,-96.704501,Dallas,TX,Dallas,62500.0,1.0,4.0,Married,75000 - 99999,1.0,0.0,0.0,2022-07-25,1
221301493114.0,0.8136396,"days_tenure, age_in_years, marital_status",521300542479.0,863.332503,56.0,2022-10-07,33,1989-07-21,32.781865,-96.880191,Dallas,TX,Dallas,5000.0,1.0,7.0,Married,75000 - 99999,1.0,0.0,0.0,,0
221302439943.0,0.8136138,"days_tenure, age_in_years, marital_status",521300884006.0,1065.179448,157.0,2022-06-28,39,1983-06-23,,,Dallas,TX,Dallas,187500.0,1.0,0.0,Married,,0.0,1.0,1.0,2021-12-17,1
221302736151.0,0.81357694,"days_tenure, age_in_years, marital_status",521300990655.0,1098.563387,89.0,2022-09-04,42,1980-07-24,,,Mckinney,TX,Collin,187500.0,1.0,0.0,Married,,0.0,1.0,1.0,2022-08-29,1
221303264539.0,0.8135719,"days_tenure, age_in_years, marital_status",521301494102.0,1284.965421,126.0,2022-07-29,52,1970-08-25,32.567166,-97.329899,Burleson,TX,Johnson,187500.0,1.0,7.0,Married,75000 - 99999,1.0,1.0,1.0,2022-02-23,1
221301433030.0,0.8135705,"days_tenure, age_in_years, income",521300521573.0,694.340907,102.0,2022-08-22,32,1991-01-19,32.905211,-96.854157,Dallas,TX,Dallas,32500.0,1.0,1.0,Married,75000 - 99999,1.0,0.0,1.0,,0
221302378456.0,0.81354654,"days_tenure, age_in_years, marital_status",521300861327.0,665.976669,84.0,2022-09-09,41,1981-12-23,32.743015,-96.835465,Dallas,TX,Dallas,5000.0,0.0,3.0,Single,75000 - 99999,0.0,0.0,0.0,2022-03-18,1
221301178453.0,0.8135211,"days_tenure, age_in_years, marital_status",521300429667.0,728.779625,126.0,2022-07-29,52,1970-05-25,,,Fort Worth,TX,Tarrant,5000.0,0.0,3.0,Single,50000 - 74999,0.0,0.0,0.0,2022-11-09,1
221301064492.0,0.8135168,"days_tenure, age_in_years, income",521300388992.0,1037.281556,103.0,2022-08-21,32,1990-12-21,32.724505,-96.868062,Dallas,TX,Dallas,32500.0,0.0,1.0,Married,25000 - 49999,1.0,0.0,1.0,2022-07-29,1
221303091325.0,0.8134945,"days_tenure, age_in_years, home_market_value",521301320885.0,729.55364,99.0,2022-08-25,45,1977-12-24,32.78542,-96.734628,Dallas,TX,Dallas,5000.0,1.0,11.0,Married,1000 - 24999,1.0,0.0,0.0,2022-04-24,1
221301660555.0,0.81349397,"days_tenure, income, age_in_years",521300602604.0,881.077242,86.0,2022-09-07,41,1981-06-22,32.694458,-96.7914,Dallas,TX,Dallas,22500.0,0.0,10.0,Married,25000 - 49999,1.0,0.0,0.0,2021-12-16,1
221302348070.0,0.81348825,"days_tenure, age_in_years, income",521300849965.0,842.813359,63.0,2022-09-30,35,1987-08-22,32.745141000000004,-96.835815,Dallas,TX,Dallas,5000.0,1.0,15.0,Married,50000 - 74999,1.0,0.0,0.0,,0
221301444280.0,0.81330055,"days_tenure, age_in_years, income",521300525166.0,861.670429,112.0,2022-08-12,48,1974-05-24,32.707496,-97.274326,Fort Worth,TX,Tarrant,32500.0,1.0,15.0,Married,50000 - 74999,0.0,0.0,0.0,2022-09-29,1
221301703122.0,0.8132444,"days_tenure, age_in_years, college_degree",521300617825.0,617.286026,96.0,2022-08-28,44,1978-10-23,32.698021,-97.264315,Fort Worth,TX,Tarrant,5000.0,1.0,14.0,Married,50000 - 74999,1.0,1.0,0.0,,0
221301094599.0,0.8132441,"days_tenure, age_in_years, income",521300400028.0,781.987796,132.0,2022-07-23,36,1986-12-22,32.723665000000004,-96.8269,Dallas,TX,Dallas,32500.0,0.0,15.0,Married,50000 - 74999,1.0,0.0,1.0,,0
221301480668.0,0.8131552,"days_tenure, age_in_years, marital_status",521300537968.0,1096.653356,92.0,2022-09-01,43,1979-09-24,32.688931,-97.354311,Fort Worth,TX,Tarrant,5000.0,1.0,12.0,Married,25000 - 49999,1.0,1.0,0.0,,0
221301319383.0,0.81306815,"days_tenure, age_in_years, marital_status",521300481233.0,1142.048451,134.0,2022-07-21,54,1968-05-26,32.703785999999994,-97.317831,Fort Worth,TX,Tarrant,5000.0,1.0,6.0,Married,25000 - 49999,1.0,0.0,0.0,2022-02-16,1
221301678699.0,0.8129869,"days_tenure, age_in_years, home_value_lower",521300609125.0,979.334566,123.0,2022-08-01,52,1971-03-26,32.957593,-96.952973,Coppell,TX,Dallas,187500.0,1.0,6.0,Married,150000 - 174999,1.0,1.0,1.0,,0
221302703173.0,0.81298107,"days_tenure, age_in_years, income",521300979832.0,889.686226,81.0,2022-09-12,40,1982-10-22,,,Garland,TX,Dallas,17500.0,1.0,3.0,Single,75000 - 99999,0.0,0.0,0.0,,0
221302810921.0,0.812968,"days_tenure, age_in_years, marital_status",521301040481.0,994.720376,113.0,2022-08-11,49,1974-01-22,32.724926,-97.265581,Fort Worth,TX,Tarrant,5000.0,1.0,6.0,Single,25000 - 49999,1.0,0.0,0.0,2022-10-13,1
221300834527.0,0.81286794,"days_tenure, income, age_in_years",521300307063.0,1237.593898,82.0,2022-09-11,40,1982-08-22,32.693882,-97.308938,Fort Worth,TX,Tarrant,32500.0,1.0,1.0,Married,75000 - 99999,1.0,1.0,1.0,,0
221301743615.0,0.81286657,"days_tenure, income, age_in_years",521300632729.0,1114.304096,84.0,2022-09-09,41,1981-11-22,32.834811,-96.819419,Dallas,TX,Dallas,87500.0,1.0,0.0,Married,125000 - 149999,1.0,0.0,1.0,,0
221301470297.0,0.8128654,"days_tenure, age_in_years, marital_status",521300534256.0,1020.229428,86.0,2022-09-07,41,1981-07-23,,,Dallas,TX,Dallas,5000.0,1.0,5.0,Single,125000 - 149999,0.0,0.0,0.0,,0
221300490618.0,0.8128451,"days_tenure, income, age_in_years",521300182573.0,922.95054,123.0,2022-08-01,51,1971-05-26,32.726675,-97.129411,Arlington,TX,Tarrant,17500.0,1.0,15.0,Married,75000 - 99999,1.0,0.0,1.0,,0
221301418955.0,0.81282544,"days_tenure, age_in_years, marital_status",521300516428.0,679.296264,132.0,2022-07-23,36,1986-12-22,32.809326,-97.328842,Fort Worth,TX,Tarrant,17500.0,1.0,2.0,Single,50000 - 74999,0.0,0.0,0.0,2022-08-02,1
221302938810.0,0.81280816,"days_tenure, age_in_years, home_value_lower",521301168370.0,1256.271304,124.0,2022-07-31,52,1971-01-24,33.033123,-96.609537,Plano,TX,Collin,187500.0,1.0,3.0,Married,125000 - 149999,1.0,1.0,1.0,,0
221300071234.0,0.8127373,"days_tenure, income, age_in_years",521300026518.0,814.112135,131.0,2022-07-24,36,1987-02-20,32.678402,-97.319691,Fort Worth,TX,Tarrant,22500.0,1.0,6.0,Married,50000 - 74999,1.0,0.0,0.0,,0
221301446307.0,0.81273454,"days_tenure, age_in_years, income",521300525945.0,1179.92943,110.0,2022-08-14,48,1974-11-24,32.717841,-97.277978,Fort Worth,TX,Tarrant,12500.0,1.0,11.0,Married,50000 - 74999,1.0,1.0,0.0,2022-10-10,1
221302559282.0,0.81270075,"days_tenure, age_in_years, income",521300927737.0,1003.013873,128.0,2022-07-27,53,1970-01-23,32.732011,-96.677486,Dallas,TX,Dallas,17500.0,0.0,15.0,Married,25000 - 49999,1.0,0.0,0.0,2022-10-28,1
221300893026.0,0.81265104,"days_tenure, age_in_years, marital_status",521300328615.0,985.028857,109.0,2022-08-15,48,1975-03-25,32.706953000000006,-97.076953,Arlington,TX,Tarrant,5000.0,1.0,8.0,Married,50000 - 74999,1.0,1.0,0.0,2022-01-25,1
221300661431.0,0.8126001,"days_tenure, age_in_years, income",521300243782.0,1005.09885,132.0,2022-07-23,36,1986-12-22,32.7212,-97.078707,Arlington,TX,Tarrant,32500.0,1.0,6.0,Married,50000 - 74999,1.0,0.0,1.0,2022-01-10,1
221302713258.0,0.81257766,"days_tenure, age_in_years, marital_status",521300983344.0,1059.766543,137.0,2022-07-18,55,1967-07-28,32.647797,-97.133463,Arlington,TX,Tarrant,187500.0,1.0,9.0,Married,75000 - 99999,1.0,0.0,1.0,2022-07-17,1
221303164757.0,0.8124999,"days_tenure, age_in_years, marital_status",521301394319.0,742.189954,140.0,2022-07-15,56,1966-08-26,32.716488,-96.720025,Dallas,TX,Dallas,5000.0,1.0,15.0,Married,50000 - 74999,1.0,0.0,0.0,,0
221302527178.0,0.81249034,"days_tenure, income, age_in_years",521300915759.0,795.590163,125.0,2022-07-30,52,1970-11-25,32.817677,-97.150611,Bedford,TX,Tarrant,17500.0,1.0,15.0,Married,50000 - 74999,1.0,0.0,1.0,2022-10-21,1
221300918129.0,0.81245136,"days_tenure, age_in_years, income",521300337535.0,1264.416189,126.0,2022-07-29,35,1987-10-22,32.72032,-96.810518,Dallas,TX,Dallas,17500.0,1.0,15.0,Married,50000 - 74999,1.0,0.0,0.0,,0
221302372849.0,0.81236345,"days_tenure, age_in_years, marital_status",521300859159.0,1196.45064,73.0,2022-09-20,28,1994-12-20,32.637355,-96.937976,Dallas,TX,Dallas,187500.0,1.0,15.0,Married,100000 - 124999,1.0,0.0,1.0,,0
221301278216.0,0.81236243,"days_tenure, income, marital_status",521300466004.0,1065.801798,79.0,2022-09-14,40,1983-04-23,32.698996,-96.880483,Dallas,TX,Dallas,22500.0,1.0,1.0,Single,75000 - 99999,0.0,0.0,0.0,,0
221303048697.0,0.8122987,"days_tenure, age_in_years, marital_status",521301278257.0,1128.993663,69.0,2022-09-24,37,1986-01-19,32.739662,-96.882898,Dallas,TX,Dallas,5000.0,1.0,15.0,Married,25000 - 49999,1.0,0.0,0.0,2022-11-01,1
221301855572.0,0.81226796,"days_tenure, income, home_value_lower",521300671519.0,1271.009543,79.0,2022-09-14,40,1983-04-23,33.187978,-96.695422,Mckinney,TX,Collin,125000.0,0.0,9.0,Married,125000 - 149999,1.0,1.0,1.0,,0
221301830294.0,0.8122642,"days_tenure, age_in_years, marital_status",521300663143.0,993.355983,163.0,2022-06-22,63,1960-04-28,32.777021,-96.758204,Dallas,TX,Dallas,5000.0,0.0,8.0,Married,25000 - 49999,1.0,0.0,0.0,,0
221301171815.0,0.8122542,"days_tenure, income, age_in_years",521300427183.0,1156.158392,81.0,2022-09-12,40,1982-09-22,32.797685,-97.27971,Haltom City,TX,Tarrant,32500.0,0.0,3.0,Married,25000 - 49999,1.0,0.0,0.0,,0
221301321208.0,0.81222457,"days_tenure, income, age_in_years",521300481663.0,1075.022187,86.0,2022-09-07,41,1981-06-22,32.696616,-96.815056,Dallas,TX,Dallas,32500.0,1.0,11.0,Married,25000 - 49999,1.0,0.0,0.0,2022-06-19,1
221303111067.0,0.8121986,"days_tenure, age_in_years, income",521301340628.0,742.053186,131.0,2022-07-24,36,1987-01-20,32.673376,-97.072332,Arlington,TX,Tarrant,32500.0,0.0,5.0,Married,100000 - 124999,0.0,0.0,1.0,2022-08-16,1
221300603844.0,0.8121331,"days_tenure, age_in_years, marital_status",521300223845.0,1208.122878,123.0,2022-08-01,51,1971-05-26,32.769595,-97.012187,Grand Prairie,TX,Dallas,187500.0,0.0,11.0,Married,100000 - 124999,1.0,1.0,1.0,2022-01-20,1
221302717063.0,0.8121226,"days_tenure, income, home_value_lower",521300984347.0,1020.003589,79.0,2022-09-14,40,1983-04-23,,,Plano,TX,Collin,87500.0,0.0,1.0,Married,250000 - 274999,1.0,0.0,1.0,2022-06-10,1
221302916146.0,0.81209093,"days_tenure, income, curr_ann_amt",521301145706.0,1229.677752,79.0,2022-09-14,40,1983-04-23,33.240257,-96.964555,Aubrey,TX,Denton,57500.0,0.0,4.0,Married,100000 - 124999,1.0,0.0,1.0,2022-07-12,1
221302501854.0,0.81202185,"days_tenure, age_in_years, income",521300906002.0,1014.191587,84.0,2022-09-09,41,1982-02-20,32.722489,-97.051409,Arlington,TX,Tarrant,17500.0,0.0,15.0,Single,75000 - 99999,0.0,0.0,0.0,,0
221301422683.0,0.8119977,"days_tenure, income, age_in_years",521300517878.0,813.348243,106.0,2022-08-18,32,1990-07-21,32.81106,-97.336135,Fort Worth,TX,Tarrant,22500.0,1.0,6.0,Married,50000 - 74999,1.0,0.0,0.0,2022-03-14,1
221303111127.0,0.81197447,"days_tenure, income, age_in_years",521301340688.0,720.309873,102.0,2022-08-22,32,1991-01-19,,,Fort Worth,TX,Tarrant,22500.0,0.0,0.0,Married,,0.0,0.0,0.0,2022-05-11,1
221301139213.0,0.8119674,"days_tenure, age_in_years, marital_status",521300415479.0,867.299437,129.0,2022-07-26,53,1969-10-25,32.905370000000005,-97.117513,Grapevine,TX,Tarrant,187500.0,1.0,4.0,Married,75000 - 99999,1.0,0.0,1.0,,0
221302081694.0,0.81174856,"days_tenure, income, home_value_lower",521300752659.0,1284.159027,79.0,2022-09-14,40,1983-04-23,32.652731,-97.064579,Arlington,TX,Tarrant,17500.0,1.0,2.0,Married,125000 - 149999,1.0,0.0,1.0,,0
221302189929.0,0.8117384,"days_tenure, age_in_years, income",521300791473.0,597.1136,84.0,2022-09-09,41,1982-01-20,32.717918000000004,-96.719689,Dallas,TX,Dallas,17500.0,1.0,6.801,Single,25000 - 49999,0.0,0.0,0.0,2022-01-27,1
221301217261.0,0.8116335,"days_tenure, age_in_years, marital_status",521300443286.0,806.637259,103.0,2022-08-21,32,1990-12-21,,,Dallas,TX,Dallas,5000.0,1.0,3.0,Single,125000 - 149999,0.0,0.0,0.0,2021-12-26,1
221303244294.0,0.81155246,"days_tenure, income, age_in_years",521301473856.0,944.285597,81.0,2022-09-12,40,1982-09-22,32.726063,-96.680159,Dallas,TX,Dallas,12500.0,1.0,5.0,Single,50000 - 74999,0.0,0.0,0.0,2022-02-12,1
221300270184.0,0.8115235,"days_tenure, age_in_years, marital_status",521300102326.0,669.233852,176.0,2022-06-09,42,1980-12-23,,,Dallas,TX,Dallas,5000.0,1.0,0.0,Married,,0.0,0.0,0.0,,0
221301826122.0,0.8114968,"days_tenure, age_in_years, marital_status",521300661651.0,998.160203,149.0,2022-07-06,59,1964-03-27,32.735417,-97.256496,Fort Worth,TX,Tarrant,5000.0,1.0,11.0,Married,50000 - 74999,1.0,0.0,0.0,2022-08-10,1
221303155440.0,0.81149495,"days_tenure, age_in_years, income",521301385001.0,1013.813719,125.0,2022-07-30,35,1987-12-23,32.732225,-97.251587,Fort Worth,TX,Tarrant,12500.0,1.0,0.0,Married,50000 - 74999,0.0,0.0,0.0,,0
221302638584.0,0.8114822,"days_tenure, income, marital_status",521300955701.0,1033.346013,79.0,2022-09-14,40,1983-04-23,32.926347,-96.619173,Garland,TX,Dallas,57500.0,0.0,11.0,Married,50000 - 74999,1.0,0.0,1.0,2022-03-16,1
221302151532.0,0.8114733,"days_tenure, income, age_in_years",521300777713.0,888.709129,81.0,2022-09-12,40,1982-10-22,32.654273,-97.164412,Arlington,TX,Tarrant,87500.0,1.0,5.0,Married,75000 - 99999,1.0,0.0,1.0,2022-01-31,1
221301822513.0,0.8114623,"days_tenure, income, age_in_years",521300660396.0,731.064775,123.0,2022-08-01,52,1971-03-26,32.706663000000006,-96.758403,Dallas,TX,Dallas,22500.0,1.0,14.0,Married,50000 - 74999,1.0,0.0,0.0,2022-05-23,1
221302073557.0,0.81144816,"days_tenure, home_value_lower, home_value_upper",521300750247.0,1016.278702,122.0,2022-08-02,51,1971-09-26,33.012086000000004,-96.83124,Plano,TX,Collin,187500.0,0.0,15.0,Married,225000 - 249999,1.0,1.0,1.0,,0
221301192573.0,0.81139714,"days_tenure, income, marital_status",521300434475.0,836.603053,79.0,2022-09-14,40,1983-04-23,32.744389,-96.852829,Dallas,TX,Dallas,27500.0,0.0,7.0,Single,50000 - 74999,1.0,0.0,1.0,2022-10-22,1
221302009674.0,0.81139034,"days_tenure, age_in_years, marital_status",521300727808.0,1079.02082,165.0,2022-06-20,63,1959-11-29,32.830261,-96.773334,Dallas,TX,Dallas,187500.0,1.0,15.0,Married,50000 - 74999,1.0,0.0,1.0,,0
221300467626.0,0.81135035,"days_tenure, income, marital_status",521300174073.0,1014.516297,79.0,2022-09-14,40,1983-04-23,33.082618000000004,-96.419722,Nevada,TX,Collin,52500.0,1.0,7.0,Married,100000 - 124999,1.0,0.0,1.0,,0
221302973721.0,0.81124794,"days_tenure, age_in_years, marital_status",521301203281.0,1101.345101,155.0,2022-06-30,60,1962-08-27,32.733771999999995,-97.283813,Fort Worth,TX,Tarrant,5000.0,1.0,5.0,Married,25000 - 49999,1.0,1.0,0.0,,0
221301499416.0,0.8112151,"days_tenure, age_in_years, marital_status",521300544587.0,865.675886,120.0,2022-08-04,51,1972-02-24,,,Dallas,TX,Dallas,5000.0,1.0,5.0,Single,100000 - 124999,0.0,0.0,0.0,2022-05-31,1
221302711396.0,0.8112045,"days_tenure, age_in_years, home_value_lower",521300982602.0,1299.57973,129.0,2022-07-26,53,1969-08-25,32.892426,-96.733812,Dallas,TX,Dallas,187500.0,1.0,9.0,Married,125000 - 149999,1.0,0.0,1.0,2022-03-11,1
221301755044.0,0.81114197,"days_tenure, income, age_in_years",521300637031.0,1060.319399,84.0,2022-09-09,41,1982-02-20,32.786815000000004,-96.761502,Dallas,TX,Dallas,32500.0,1.0,11.0,Married,50000 - 74999,1.0,0.0,0.0,2022-08-19,1
221300897636.0,0.8111412,"days_tenure, income, age_in_years",521300330342.0,965.429796,81.0,2022-09-12,40,1982-11-22,32.727639,-97.3267,Fort Worth,TX,Tarrant,22500.0,0.0,15.0,Married,50000 - 74999,1.0,1.0,0.0,2021-12-31,1
221301500674.0,0.81111944,"days_tenure, income, age_in_years",521300544949.0,713.017057,123.0,2022-08-01,52,1971-04-26,32.750037,-97.364824,Fort Worth,TX,Tarrant,32500.0,1.0,15.0,Married,100000 - 124999,1.0,0.0,1.0,2022-04-26,1
221303032087.0,0.81110775,"days_tenure, income, home_value_lower",521301261647.0,968.947359,79.0,2022-09-14,40,1983-04-23,32.875142,-97.306604,Fort Worth,TX,Tarrant,62500.0,0.0,1.0,Married,150000 - 174999,1.0,0.0,0.0,,0
221301273091.0,0.8110593,"days_tenure, age_in_years, marital_status",521300464271.0,949.083685,122.0,2022-08-02,51,1971-09-26,,,Arlington,TX,Tarrant,5000.0,0.0,2.0,Single,75000 - 99999,1.0,0.0,0.0,2021-12-21,1
221301346223.0,0.81103814,"days_tenure, income, age_in_years",521300490596.0,1264.372463,82.0,2022-09-11,40,1982-08-22,32.709439,-97.271932,Fort Worth,TX,Tarrant,32500.0,1.0,15.0,Married,50000 - 74999,1.0,1.0,0.0,2022-10-11,1
221301396059.0,0.81101334,"days_tenure, age_in_years, home_value_lower",521300508873.0,900.431083,120.0,2022-08-04,51,1972-02-24,,,Dallas,TX,Dallas,5000.0,1.0,2.0,Married,125000 - 149999,0.0,1.0,0.0,2022-04-15,1
221303064203.0,0.8110092,"days_tenure, age_in_years, marital_status",521301293763.0,652.980176,111.0,2022-08-13,48,1974-07-25,32.765894,-96.761225,Dallas,TX,Dallas,5000.0,0.0,2.0,Single,50000 - 74999,1.0,0.0,0.0,2022-06-02,1
221303205573.0,0.8109986,"days_tenure, age_in_years, income",521301435135.0,1034.248767,137.0,2022-07-18,37,1986-04-21,32.728641,-97.297141,Fort Worth,TX,Tarrant,12500.0,1.0,13.0,Married,25000 - 49999,0.0,1.0,0.0,2022-06-02,1
221301952403.0,0.8109842,"days_tenure, age_in_years, marital_status",521300707431.0,982.778249,118.0,2022-08-06,34,1988-10-21,32.799821,-96.750774,Dallas,TX,Dallas,5000.0,1.0,12.0,Married,50000 - 74999,1.0,0.0,0.0,,0
221301965799.0,0.810913,"days_tenure, age_in_years, marital_status",521300711885.0,1124.94458,126.0,2022-07-29,52,1970-05-25,,,Fort Worth,TX,Tarrant,5000.0,1.0,8.0,Single,50000 - 74999,0.0,0.0,0.0,,0
221301756682.0,0.8108654,"days_tenure, age_in_years, marital_status",521300637665.0,1020.468721,142.0,2022-07-13,57,1966-03-26,32.674307,-97.3013,Fort Worth,TX,Tarrant,5000.0,1.0,3.0,Married,75000 - 99999,0.0,0.0,0.0,,0
221301103977.0,0.8108605,"days_tenure, income, age_in_years",521300403396.0,1051.343435,85.0,2022-09-08,41,1981-08-22,32.615688,-96.808223,Lancaster,TX,Dallas,32500.0,1.0,15.0,Married,50000 - 74999,1.0,0.0,1.0,2022-02-17,1
221302255857.0,0.81084394,"days_tenure, age_in_years, home_value_lower",521300815803.0,1235.819669,92.0,2022-09-01,30,1992-06-20,32.958169,-96.799745,Dallas,TX,Dallas,187500.0,0.0,15.0,Married,150000 - 174999,1.0,1.0,1.0,2022-09-23,1
221303243520.0,0.8108144,"days_tenure, age_in_years, income",521301473082.0,773.83074,129.0,2022-07-26,36,1987-04-22,,,Dallas,TX,Dallas,17500.0,0.0,0.0,Single,,0.0,0.0,0.0,2022-06-13,1
221301158898.0,0.81077313,"days_tenure, income, age_in_years",521300422238.0,771.983484,81.0,2022-09-12,40,1982-10-22,,,Denton,TX,Denton,32500.0,1.0,1.0,Married,150000 - 174999,1.0,0.0,1.0,2021-12-14,1
221301988086.0,0.8107633,"days_tenure, income, home_value_lower",521300719834.0,1379.927004,79.0,2022-09-14,40,1983-04-23,33.198947000000004,-96.685132,Mckinney,TX,Collin,125000.0,1.0,1.0,Married,125000 - 149999,1.0,0.0,1.0,2022-07-11,1
221301135889.0,0.81070167,"days_tenure, income, marital_status",521300414394.0,1264.514382,79.0,2022-09-14,40,1983-04-23,32.991139999999994,-96.504834,Wylie,TX,Collin,70000.0,1.0,3.0,Married,100000 - 124999,1.0,0.0,1.0,2022-06-10,1
221301130572.0,0.8106844,"days_tenure, income, home_value_lower",521300412422.0,551.531744,79.0,2022-09-14,40,1983-04-23,33.022702,-96.738099,Plano,TX,Collin,125000.0,1.0,2.0,Married,125000 - 149999,1.0,0.0,1.0,2022-01-21,1
221300655169.0,0.81068283,"days_tenure, age_in_years, income",521300241481.0,934.814643,113.0,2022-08-11,49,1973-12-25,32.735563,-96.793061,Dallas,TX,Dallas,32500.0,1.0,15.0,Married,25000 - 49999,1.0,0.0,0.0,,0
221302504469.0,0.8105693,"days_tenure, age_in_years, marital_status",521300907024.0,838.435856,114.0,2022-08-10,49,1973-11-24,33.193518000000005,-96.603549,Mckinney,TX,Collin,5000.0,1.0,10.0,Married,50000 - 74999,1.0,0.0,0.0,,0
221301902395.0,0.8105623,"days_tenure, age_in_years, marital_status",521300689449.0,887.108559,150.0,2022-07-05,59,1963-11-28,32.728613,-97.244676,Fort Worth,TX,Tarrant,5000.0,1.0,15.0,Married,50000 - 74999,1.0,0.0,0.0,2022-02-19,1
221300973675.0,0.810488,"days_tenure, income, age_in_years",521300357640.0,853.27737,159.0,2022-06-26,40,1983-03-23,32.816233999999994,-96.815032,Dallas,TX,Dallas,42500.0,1.0,9.0,Married,50000 - 74999,1.0,0.0,1.0,2022-04-21,1
221303265911.0,0.81048274,"days_tenure, income, age_in_years",521301495474.0,1210.713463,83.0,2022-09-10,41,1982-03-22,32.719378,-96.668713,Dallas,TX,Dallas,17500.0,1.0,8.0,Married,50000 - 74999,0.0,0.0,1.0,2022-05-22,1
221300900341.0,0.8104419,"days_tenure, income, marital_status",521300331427.0,917.085259,79.0,2022-09-14,40,1983-04-23,32.746213000000004,-96.851276,Dallas,TX,Dallas,47500.0,1.0,1.0,Married,50000 - 74999,1.0,0.0,1.0,,0
221300167426.0,0.8104132,"days_tenure, income, age_in_years",521300063403.0,753.910748,82.0,2022-09-11,40,1982-07-23,,,Arlington,TX,Tarrant,22500.0,1.0,6.0,Married,100000 - 124999,0.0,0.0,1.0,2022-08-01,1
221302032592.0,0.8103864,"days_tenure, age_in_years, income",521300735755.0,954.591001,111.0,2022-08-13,48,1974-08-24,32.791604,-97.413683,Fort Worth,TX,Tarrant,12500.0,1.0,15.0,Married,75000 - 99999,1.0,0.0,0.0,,0
221302409436.0,0.8103077,"days_tenure, income, age_in_years",521300872974.0,1063.861664,82.0,2022-09-11,40,1982-06-22,32.830999,-96.855474,Dallas,TX,Dallas,32500.0,1.0,12.0,Married,50000 - 74999,1.0,1.0,1.0,2022-09-18,1
221301588111.0,0.81027716,"days_tenure, age_in_years, college_degree",521300575564.0,991.823907,93.0,2022-08-31,43,1979-07-25,32.722812,-97.271661,Fort Worth,TX,Tarrant,5000.0,1.0,9.0,Married,25000 - 49999,1.0,1.0,0.0,2022-03-30,1
221302106652.0,0.8102697,"days_tenure, age_in_years, marital_status",521300761715.0,1002.111425,149.0,2022-07-06,59,1964-03-27,,,Fort Worth,TX,Tarrant,5000.0,1.0,5.0,Married,25000 - 49999,0.0,0.0,0.0,2022-10-15,1
221300995739.0,0.8102583,"days_tenure, age_in_years, marital_status",521300365003.0,987.892509,165.0,2022-06-20,63,1959-09-29,32.788055,-97.374232,Fort Worth,TX,Tarrant,5000.0,1.0,15.0,Married,25000 - 49999,1.0,0.0,0.0,,0
221303252997.0,0.8102328,"days_tenure, age_in_years, curr_ann_amt",521301482560.0,1336.203496,113.0,2022-08-11,49,1974-02-22,32.680541,-97.334638,Fort Worth,TX,Tarrant,5000.0,1.0,15.0,Married,50000 - 74999,1.0,1.0,0.0,,0
221300810438.0,0.8101784,"days_tenure, income, age_in_years",521300298003.0,818.086436,159.0,2022-06-26,40,1983-04-23,,,Arlington,TX,Tarrant,32500.0,1.0,0.0,Married,,0.0,1.0,1.0,2022-07-29,1
221300930165.0,0.8101729,"days_tenure, income, age_in_years",521300342078.0,982.061815,81.0,2022-09-12,40,1982-09-22,32.804492,-96.824023,Dallas,TX,Dallas,22500.0,0.0,15.0,Married,50000 - 74999,1.0,1.0,0.0,,0
221301107100.0,0.81014246,"days_tenure, age_in_years, income",521300404492.0,939.534886,127.0,2022-07-28,53,1970-03-25,32.726643,-97.052494,Grand Prairie,TX,Dallas,27500.0,1.0,1.0,Married,75000 - 99999,1.0,0.0,0.0,2022-01-13,1
221302605191.0,0.81010914,"days_tenure, age_in_years, curr_ann_amt",521300943632.0,396.866271,137.0,2022-07-18,37,1986-04-21,32.728424,-96.674984,Dallas,TX,Dallas,27500.0,1.0,10.0,Married,25000 - 49999,0.0,0.0,0.0,2022-02-19,1
221301401652.0,0.81008637,"days_tenure, income, marital_status",521300510559.0,937.046064,79.0,2022-09-14,40,1983-04-23,33.046780000000005,-96.693995,Plano,TX,Collin,47500.0,1.0,1.0,Married,75000 - 99999,1.0,0.0,1.0,2022-04-02,1
221303026392.0,0.80997914,"days_tenure, age_in_years, marital_status",521301255952.0,1138.881384,113.0,2022-08-11,49,1973-12-25,32.757695,-96.759848,Dallas,TX,Dallas,5000.0,0.0,7.0,Married,25000 - 49999,1.0,1.0,0.0,2022-02-19,1
221303221122.0,0.8099611,"days_tenure, income, home_value_lower",521301450684.0,722.371418,79.0,2022-09-14,40,1983-04-23,33.206264,-96.718278,Mckinney,TX,Collin,70000.0,1.0,5.0,Married,125000 - 149999,1.0,0.0,1.0,,0
221301092412.0,0.8098791,"days_tenure, income, age_in_years",521300399213.0,1163.970818,126.0,2022-07-29,52,1970-05-25,32.708118,-97.292495,Fort Worth,TX,Tarrant,32500.0,1.0,3.0,Married,50000 - 74999,1.0,0.0,0.0,2022-04-21,1
221303018954.0,0.80987597,"days_tenure, income, age_in_years",521301248514.0,1248.765743,84.0,2022-09-09,41,1982-01-20,32.801299,-97.343053,Fort Worth,TX,Tarrant,32500.0,0.0,6.0,Married,25000 - 49999,0.0,0.0,1.0,,0
221301208805.0,0.80984247,"days_tenure, age_in_years, marital_status",521300440102.0,1112.305396,130.0,2022-07-25,36,1987-03-22,,,Dallas,TX,Dallas,5000.0,1.0,3.0,Single,25000 - 49999,0.0,0.0,0.0,2022-08-30,1
221303218230.0,0.8098018,"days_tenure, income, age_in_years",521301447792.0,944.748434,81.0,2022-09-12,40,1982-12-23,32.656367,-96.81676,Dallas,TX,Dallas,27500.0,1.0,1.0,Single,100000 - 124999,0.0,0.0,0.0,,0
221301249747.0,0.80975175,"days_tenure, income, age_in_years",521300455460.0,1003.320201,126.0,2022-07-29,52,1970-07-26,,,Fort Worth,TX,Tarrant,32500.0,1.0,0.0,Married,,0.0,0.0,0.0,,0
221302984089.0,0.80974215,"days_tenure, income, age_in_years",521301213649.0,822.516021,126.0,2022-07-29,52,1970-07-26,32.799426,-97.324839,Fort Worth,TX,Tarrant,32500.0,1.0,15.0,Married,50000 - 74999,1.0,0.0,1.0,2022-04-09,1
221301158018.0,0.80974025,"days_tenure, income, home_value_lower",521300421906.0,757.044599,79.0,2022-09-14,40,1983-04-23,33.165206,-96.65463,Mckinney,TX,Collin,125000.0,0.0,3.0,Married,200000 - 224999,1.0,0.0,1.0,2022-02-28,1
221302289846.0,0.8097263,"days_tenure, age_in_years, marital_status",521300828164.0,1123.691833,121.0,2022-08-03,51,1971-10-26,32.730459,-96.705399,Dallas,TX,Dallas,5000.0,1.0,5.0,Single,50000 - 74999,1.0,0.0,0.0,2021-12-26,1
221301777938.0,0.8096836,"days_tenure, age_in_years, marital_status",521300645397.0,687.046467,134.0,2022-07-21,55,1968-03-26,32.707727,-97.260967,Fort Worth,TX,Tarrant,5000.0,1.0,11.0,Single,25000 - 49999,1.0,0.0,0.0,2022-03-17,1
221301542247.0,0.80966616,"days_tenure, age_in_years, marital_status",521300559500.0,741.659648,115.0,2022-08-09,49,1973-08-24,32.847726,-97.297391,Fort Worth,TX,Tarrant,187500.0,1.0,13.0,Married,100000 - 124999,1.0,1.0,1.0,2022-09-11,1
221300522673.0,0.8096588,"days_tenure, age_in_years, marital_status",521300194189.0,825.274171,142.0,2022-07-13,37,1985-07-22,32.722567,-96.806588,Dallas,TX,Dallas,5000.0,0.0,15.0,Single,25000 - 49999,0.0,0.0,0.0,,0
221300687615.0,0.80962616,"days_tenure, income, age_in_years",521300252249.0,916.088251,126.0,2022-07-29,52,1970-07-26,32.723159,-96.811117,Dallas,TX,Dallas,32500.0,1.0,13.0,Married,50000 - 74999,1.0,0.0,0.0,,0
221302100620.0,0.80947727,"days_tenure, income, marital_status",521300759469.0,1029.570355,79.0,2022-09-14,40,1983-04-23,,,Fort Worth,TX,Tarrant,70000.0,0.0,0.0,Married,,0.0,0.0,1.0,,0
221301458377.0,0.809425,"days_tenure, age_in_years, income",521300530359.0,877.54829,128.0,2022-07-27,35,1987-06-22,32.697923,-96.813908,Dallas,TX,Dallas,27500.0,1.0,2.0,Single,50000 - 74999,0.0,0.0,0.0,,0
221301855395.0,0.8094154,"days_tenure, age_in_years, marital_status",521300671454.0,965.132535,137.0,2022-07-18,55,1967-05-27,32.680812,-97.329253,Fort Worth,TX,Tarrant,5000.0,0.0,10.0,Single,50000 - 74999,0.0,0.0,0.0,,0
221302951219.0,0.80940634,"days_tenure, age_in_years, marital_status",521301180779.0,737.003049,136.0,2022-07-19,55,1967-10-27,32.707169,-96.791159,Dallas,TX,Dallas,5000.0,0.0,12.0,Married,25000 - 49999,1.0,0.0,0.0,,0
221300169137.0,0.8093645,"days_tenure, income, age_in_years",521300064043.0,789.681672,86.0,2022-09-07,41,1981-07-23,32.725956000000004,-96.691848,Dallas,TX,Dallas,12500.0,0.0,8.0,Married,,1.0,0.0,0.0,,0
221302017335.0,0.8093439,"days_tenure, income, age_in_years",521300730443.0,1052.879919,134.0,2022-07-21,36,1986-08-21,32.801532,-96.772643,Dallas,TX,Dallas,17500.0,1.0,15.0,Married,50000 - 74999,1.0,0.0,1.0,2022-10-19,1
221301309104.0,0.8093268,"days_tenure, age_in_years, income",521300477420.0,885.249781,127.0,2022-07-28,53,1970-02-23,32.833603000000004,-96.820301,Dallas,TX,Dallas,22500.0,1.0,6.0,Married,25000 - 49999,1.0,0.0,0.0,,0
221300873954.0,0.8093139,"days_tenure, age_in_years, marital_status",521300321613.0,844.118494,92.0,2022-09-01,43,1979-10-24,32.707764,-96.795775,Dallas,TX,Dallas,5000.0,1.0,10.0,Married,50000 - 74999,1.0,0.0,0.0,,0
221301211868.0,0.80927104,"days_tenure, age_in_years, college_degree",521300441233.0,764.181308,73.0,2022-09-20,28,1994-12-20,,,Dallas,TX,Dallas,5000.0,1.0,1.0,Married,25000 - 49999,0.0,1.0,0.0,2022-04-12,1
221300008070.0,0.80926484,"days_tenure, age_in_years, marital_status",521300002670.0,766.480655,56.0,2022-10-07,33,1989-10-20,,,Fort Worth,TX,Tarrant,5000.0,1.0,15.0,Married,25000 - 49999,1.0,0.0,0.0,,0
221302624065.0,0.8092393,"days_tenure, age_in_years, home_value_lower",521300950343.0,973.854531,118.0,2022-08-06,50,1972-08-25,32.893674,-96.733657,Dallas,TX,Dallas,187500.0,1.0,15.0,Married,225000 - 249999,1.0,0.0,1.0,2022-05-25,1
221303045125.0,0.8092277,"days_tenure, income, age_in_years",521301274685.0,1052.042032,82.0,2022-09-11,40,1982-08-22,32.807859,-97.083139,Euless,TX,Tarrant,27500.0,1.0,2.0,Single,50000 - 74999,1.0,1.0,0.0,,0
221303255264.0,0.8092248,"days_tenure, age_in_years, income",521301484827.0,1301.421943,124.0,2022-07-31,52,1970-12-26,33.227974,-97.124053,Denton,TX,Denton,5000.0,1.0,3.0,Married,100000 - 124999,1.0,0.0,1.0,2022-05-17,1
221303036870.0,0.8091677,"days_tenure, age_in_years, curr_ann_amt",521301266430.0,257.459633,122.0,2022-08-02,51,1971-09-26,32.72496,-97.281186,Fort Worth,TX,Tarrant,5000.0,1.0,11.0,Married,25000 - 49999,1.0,0.0,0.0,,0
221301527787.0,0.8090572,"days_tenure, age_in_years, marital_status",521300554639.0,1295.516898,127.0,2022-07-28,53,1970-03-25,32.647254000000004,-97.342748,Fort Worth,TX,Tarrant,187500.0,1.0,3.0,Married,75000 - 99999,1.0,0.0,1.0,,0
221303280115.0,0.8090522,"days_tenure, age_in_years, marital_status",521301509678.0,849.881392,76.0,2022-09-17,28,1994-07-20,,,Dallas,TX,Dallas,5000.0,1.0,0.0,Single,,0.0,0.0,0.0,,0
221301491868.0,0.80901134,"days_tenure, age_in_years, marital_status",521300542078.0,850.302356,155.0,2022-06-30,60,1962-07-28,32.716094,-97.236493,Fort Worth,TX,Tarrant,5000.0,0.0,15.0,Married,25000 - 49999,1.0,0.0,0.0,,0
221300271530.0,0.8089653,"days_tenure, income, age_in_years",521300102848.0,1228.844436,81.0,2022-09-12,40,1982-10-22,,,Aubrey,TX,Denton,32500.0,1.0,0.0,Married,,0.0,0.0,0.0,,0
221302305836.0,0.80884427,"days_tenure, age_in_years, income",521300833700.0,741.593153,129.0,2022-07-26,36,1987-04-22,,,Fort Worth,TX,Tarrant,17500.0,0.0,0.0,Single,,0.0,0.0,0.0,,0
221301216047.0,0.8088003,"days_tenure, age_in_years, marital_status",521300442823.0,862.683508,93.0,2022-08-31,43,1979-07-25,32.745976,-96.876342,Dallas,TX,Dallas,5000.0,1.0,15.0,Married,75000 - 99999,1.0,0.0,0.0,2022-08-26,1
221301021465.0,0.8088002,"days_tenure, age_in_years, college_degree",521300373726.0,790.648134,114.0,2022-08-10,49,1973-11-24,32.800106,-96.854518,Dallas,TX,Dallas,5000.0,0.0,7.0,Married,75000 - 99999,1.0,1.0,0.0,,0
221300675338.0,0.8086819,"days_tenure, age_in_years, marital_status",521300248797.0,1177.143383,154.0,2022-07-01,39,1983-11-23,,,Dallas,TX,Collin,187500.0,1.0,0.0,Married,,0.0,1.0,1.0,,0
221300689137.0,0.8086668,"days_tenure, income, age_in_years",521300252823.0,957.409817,160.0,2022-06-25,40,1983-01-21,,,Arlington,TX,Tarrant,80372.176,0.0,0.0,Married,,0.0,0.0,1.0,,0
221302810159.0,0.8086035,"days_tenure, age_in_years, income",521301039719.0,1056.33149,83.0,2022-09-10,40,1982-05-22,32.570213,-96.830194,Desoto,TX,Dallas,5000.0,1.0,9.0,Married,25000 - 49999,1.0,0.0,1.0,,0
221302924003.0,0.80857754,"days_tenure, age_in_years, income",521301153563.0,759.754209,110.0,2022-08-14,48,1974-10-24,,,Little Elm,TX,Denton,32500.0,1.0,0.0,Married,,0.0,0.0,1.0,2022-01-27,1
221301630584.0,0.808564,"days_tenure, age_in_years, income",521300591546.0,1099.197688,88.0,2022-09-05,42,1980-11-23,32.68253,-97.370296,Fort Worth,TX,Tarrant,27500.0,1.0,2.0,Single,50000 - 74999,1.0,0.0,0.0,2022-04-23,1
221302335985.0,0.80850047,"days_tenure, income, age_in_years",521300845195.0,941.677736,105.0,2022-08-19,32,1990-08-20,32.728269999999995,-96.700776,Dallas,TX,Dallas,22500.0,0.0,15.0,Married,25000 - 49999,1.0,0.0,0.0,2022-07-30,1
221301920386.0,0.8084833,"days_tenure, income, age_in_years",521300695904.0,1011.928671,82.0,2022-09-11,40,1982-08-22,32.65509,-97.073805,Arlington,TX,Tarrant,80372.176,1.0,15.0,Married,75000 - 99999,1.0,0.0,1.0,,0
221300673014.0,0.80842596,"days_tenure, age_in_years, marital_status",521300247925.0,953.556442,144.0,2022-07-11,57,1965-07-27,32.781025,-96.859051,Dallas,TX,Dallas,5000.0,1.0,15.0,Married,50000 - 74999,1.0,0.0,0.0,,0
221303049927.0,0.8084068,"days_tenure, age_in_years, marital_status",521301279487.0,910.779165,84.0,2022-09-09,41,1982-01-20,32.758579,-96.75641,Dallas,TX,Dallas,5000.0,1.0,15.0,Single,25000 - 49999,1.0,1.0,0.0,,0
221302954503.0,0.8083805,"days_tenure, age_in_years, income",521301184063.0,903.682102,157.0,2022-06-28,39,1983-07-24,32.734474,-96.757808,Dallas,TX,Dallas,12500.0,1.0,5.0,Married,50000 - 74999,0.0,0.0,0.0,,0
221300711846.0,0.8083564,"days_tenure, income, age_in_years",521300261304.0,1031.153137,81.0,2022-09-12,40,1982-09-22,32.732289,-96.809794,Dallas,TX,Dallas,32500.0,0.0,13.0,Single,50000 - 74999,1.0,0.0,1.0,,0
221300846256.0,0.8083491,"days_tenure, age_in_years, income",521300311557.0,728.914498,125.0,2022-07-30,35,1987-12-23,32.755280000000006,-96.955111,Grand Prairie,TX,Dallas,27500.0,1.0,5.0,Married,50000 - 74999,1.0,1.0,0.0,2022-08-24,1
221300940430.0,0.8083412,"days_tenure, age_in_years, marital_status",521300345935.0,844.067554,99.0,2022-08-25,45,1977-11-23,32.709707,-96.792509,Dallas,TX,Dallas,5000.0,0.0,15.0,Married,25000 - 49999,1.0,0.0,0.0,,0
221300934558.0,0.8083274,"days_tenure, age_in_years, income",521300343709.0,869.090716,127.0,2022-07-28,35,1987-08-22,32.906747,-96.62343,Garland,TX,Dallas,27500.0,0.0,2.0,Married,25000 - 49999,0.0,0.0,0.0,,0
221303046061.0,0.8083011,"days_tenure, age_in_years, income",521301275621.0,685.071818,115.0,2022-08-09,49,1973-08-24,32.698913,-96.813357,Dallas,TX,Dallas,27500.0,1.0,1.0,Single,25000 - 49999,0.0,0.0,0.0,2022-08-24,1
221301516174.0,0.8082861,"days_tenure, age_in_years, marital_status",521300550778.0,872.233822,76.0,2022-09-17,39,1984-04-22,32.697159,-97.344189,Fort Worth,TX,Tarrant,5000.0,1.0,2.0,Married,25000 - 49999,1.0,0.0,0.0,,0
221301341627.0,0.80828524,"days_tenure, age_in_years, marital_status",521300488813.0,733.142365,83.0,2022-09-10,41,1982-03-22,,,Dallas,TX,Dallas,5000.0,0.0,0.0,Single,100000 - 124999,0.0,0.0,0.0,2021-12-27,1
221300206200.0,0.8082736,"days_tenure, income, age_in_years",521300078270.0,879.716303,106.0,2022-08-18,32,1990-07-21,,,Dallas,TX,Dallas,12500.0,0.0,3.0,Married,125000 - 149999,0.0,0.0,0.0,2022-08-16,1
221302937017.0,0.8082289,"days_tenure, age_in_years, income",521301166577.0,798.854297,110.0,2022-08-14,48,1974-11-24,32.726130000000005,-96.80701,Dallas,TX,Dallas,12500.0,1.0,8.0,Married,50000 - 74999,1.0,1.0,0.0,,0
221303218224.0,0.8082126,"days_tenure, age_in_years, income",521301447786.0,644.095393,92.0,2022-09-01,43,1979-10-24,32.754783,-96.692744,Dallas,TX,Dallas,17500.0,1.0,3.0,Married,75000 - 99999,0.0,0.0,0.0,,0
221303131952.0,0.8080681,"days_tenure, age_in_years, marital_status",521301361513.0,1053.437823,77.0,2022-09-16,28,1994-06-19,32.789766,-97.390137,Fort Worth,TX,Tarrant,5000.0,1.0,3.0,Single,25000 - 49999,0.0,0.0,0.0,2021-12-24,1
221303128445.0,0.8080056,"days_tenure, income, age_in_years",521301358006.0,1096.282895,83.0,2022-09-10,41,1982-03-22,,,Fort Worth,TX,Tarrant,12500.0,1.0,0.0,Married,,0.0,1.0,0.0,,0
221302871727.0,0.8080013,"days_tenure, income, age_in_years",521301101287.0,950.642996,122.0,2022-08-02,51,1971-09-26,32.720865,-96.815954,Dallas,TX,Dallas,32500.0,1.0,3.0,Married,25000 - 49999,1.0,0.0,0.0,2022-01-27,1
221302961031.0,0.80799735,"days_tenure, income, age_in_years",521301190591.0,948.147579,85.0,2022-09-08,41,1981-09-22,32.845966000000004,-96.855742,Dallas,TX,Dallas,32500.0,0.0,9.0,Married,125000 - 149999,1.0,0.0,0.0,2022-06-19,1
221300598461.0,0.80797917,"days_tenure, age_in_years, marital_status",521300221772.0,603.310286,136.0,2022-07-19,36,1986-05-21,32.756305,-96.753223,Dallas,TX,Dallas,5000.0,0.0,15.0,Single,50000 - 74999,1.0,0.0,0.0,,0
221300708912.0,0.80797607,"days_tenure, income, age_in_years",521300260286.0,947.481054,82.0,2022-09-11,40,1982-07-23,33.172269,-96.899701,Little Elm,TX,Denton,62500.0,0.0,7.0,Married,100000 - 124999,1.0,0.0,1.0,,0
221303189836.0,0.8079635,"days_tenure, income, age_in_years",521301419398.0,901.049931,124.0,2022-07-31,52,1971-02-24,32.76138,-96.70989,Dallas,TX,Dallas,32500.0,1.0,13.0,Married,25000 - 49999,1.0,0.0,1.0,,0
221301093597.0,0.80795366,"days_tenure, age_in_years, marital_status",521300399642.0,890.41844,109.0,2022-08-15,48,1975-02-23,32.710162,-97.264421,Fort Worth,TX,Tarrant,5000.0,0.0,4.0,Married,25000 - 49999,1.0,0.0,0.0,,0
221301130543.0,0.8079498,"days_tenure, income, age_in_years",521300412411.0,745.110551,84.0,2022-09-09,41,1981-12-23,32.734584000000005,-97.278293,Fort Worth,TX,Tarrant,22500.0,1.0,15.0,Married,25000 - 49999,1.0,1.0,0.0,,0
221303009012.0,0.8078631,"days_tenure, income, age_in_years",521301238572.0,941.852749,122.0,2022-08-02,51,1971-09-26,32.707648,-96.766322,Dallas,TX,Dallas,17500.0,0.0,15.0,Married,25000 - 49999,1.0,0.0,1.0,2022-07-12,1
221301948445.0,0.8078617,"days_tenure, income, age_in_years",521300705971.0,710.850026,123.0,2022-08-01,52,1971-04-26,32.671891,-97.346193,Fort Worth,TX,Tarrant,32500.0,1.0,11.0,Married,25000 - 49999,1.0,0.0,0.0,,0
221303095509.0,0.80784506,"days_tenure, age_in_years, marital_status",521301325070.0,656.014093,135.0,2022-07-20,55,1968-01-25,32.78684,-96.737313,Dallas,TX,Dallas,5000.0,1.0,6.0,Single,25000 - 49999,1.0,0.0,0.0,,0
221301900463.0,0.8078326,"days_tenure, income, college_degree",521300688708.0,864.911703,79.0,2022-09-14,40,1983-04-23,32.699077,-97.006141,Grand Prairie,TX,Dallas,62500.0,1.0,9.0,Married,75000 - 99999,1.0,1.0,1.0,2022-06-30,1
221302165360.0,0.80782926,"days_tenure, age_in_years, marital_status",521300782990.0,1085.210762,143.0,2022-07-12,37,1985-05-21,32.722952,-97.318851,Fort Worth,TX,Tarrant,5000.0,0.0,9.0,Single,25000 - 49999,1.0,0.0,0.0,2022-11-23,1
221301564802.0,0.80779994,"days_tenure, age_in_years, curr_ann_amt",521300566916.0,465.146746,138.0,2022-07-17,37,1986-02-19,32.730098,-97.264892,Fort Worth,TX,Tarrant,5000.0,1.0,15.0,Married,50000 - 74999,1.0,0.0,0.0,2022-01-19,1
221301272406.0,0.8077627,"days_tenure, age_in_years, marital_status",521300463996.0,1036.696224,144.0,2022-07-11,57,1965-07-27,32.713817,-96.814506,Dallas,TX,Dallas,5000.0,1.0,3.0,Married,25000 - 49999,0.0,0.0,0.0,,0
221302756019.0,0.80773586,"days_tenure, age_in_years, income",521300998231.0,954.1053,85.0,2022-09-08,29,1993-05-19,,,Dallas,TX,Dallas,17500.0,1.0,0.0,Married,,0.0,1.0,0.0,,0
221301020977.0,0.80772394,"days_tenure, age_in_years, marital_status",521300373527.0,788.930962,164.0,2022-06-21,63,1960-03-28,32.752468,-96.76653,Dallas,TX,Dallas,5000.0,0.0,15.0,Married,25000 - 49999,1.0,0.0,0.0,,0
221300710753.0,0.80771434,"days_tenure, age_in_years, marital_status",521300260990.0,768.285037,122.0,2022-08-02,51,1971-06-26,32.789058,-97.276557,Haltom City,TX,Tarrant,5000.0,1.0,7.0,Single,75000 - 99999,0.0,0.0,0.0,2022-03-24,1
221301639167.0,0.80763227,"days_tenure, age_in_years, marital_status",521300594686.0,819.338469,126.0,2022-07-29,52,1970-05-25,,,Arlington,TX,Tarrant,5000.0,0.0,6.801,Single,25000 - 49999,0.0,0.0,0.0,2022-05-31,1
221300066234.0,0.80758464,"days_tenure, income, marital_status",521300024525.0,1097.634089,79.0,2022-09-14,40,1983-04-23,32.740349,-97.500952,Fort Worth,TX,Tarrant,87500.0,1.0,10.0,Married,75000 - 99999,1.0,1.0,1.0,2022-08-10,1
221301564874.0,0.8075309,"days_tenure, age_in_years, marital_status",521300566943.0,978.32869,135.0,2022-07-20,55,1967-12-28,32.697354000000004,-96.796697,Dallas,TX,Dallas,5000.0,1.0,6.0,Single,75000 - 99999,1.0,0.0,0.0,,0
221301525932.0,0.80743253,"days_tenure, income, marital_status",521300554106.0,1063.612135,79.0,2022-09-14,40,1983-04-23,33.201229999999995,-96.209367,Farmersville,TX,Collin,62500.0,1.0,0.0,Married,50000 - 74999,1.0,1.0,1.0,2022-01-29,1
221303029048.0,0.80741125,"days_tenure, income, age_in_years",521301258608.0,908.523732,123.0,2022-08-01,52,1971-03-26,32.720675,-96.82868,Dallas,TX,Dallas,32500.0,0.0,14.0,Married,25000 - 49999,1.0,0.0,1.0,,0
221301973818.0,0.8074112,"days_tenure, income, age_in_years",521300714924.0,732.769849,122.0,2022-08-02,51,1971-06-26,32.660693,-97.31595,Fort Worth,TX,Tarrant,32500.0,1.0,2.0,Married,50000 - 74999,1.0,0.0,0.0,,0
221301618023.0,0.8073747,"days_tenure, income, age_in_years",521300586783.0,900.635373,126.0,2022-07-29,52,1970-06-25,32.753273,-96.816218,Dallas,TX,Dallas,32500.0,1.0,11.0,Married,25000 - 49999,1.0,0.0,0.0,2021-12-13,1
221301302989.0,0.807368,"days_tenure, income, age_in_years",521300475105.0,911.020853,81.0,2022-09-12,40,1982-10-22,32.810507,-97.346422,Fort Worth,TX,Tarrant,32500.0,1.0,12.0,Married,25000 - 49999,1.0,1.0,0.0,2022-10-15,1
221302910323.0,0.8073633,"days_tenure, age_in_years, curr_ann_amt",521301139883.0,1281.844093,119.0,2022-08-05,50,1972-06-25,32.726005,-96.805198,Dallas,TX,Dallas,5000.0,0.0,10.0,Married,25000 - 49999,0.0,0.0,0.0,,0
221301137754.0,0.8073274,"days_tenure, income, marital_status",521300415022.0,540.027068,79.0,2022-09-14,40,1983-04-23,,,Fort Worth,TX,Tarrant,87500.0,1.0,0.0,Married,,0.0,0.0,1.0,2022-03-11,1
221302200855.0,0.80732584,"days_tenure, age_in_years, college_degree",521300795235.0,956.687484,95.0,2022-08-29,44,1979-02-22,32.726324,-96.705153,Dallas,TX,Dallas,5000.0,1.0,1.0,Married,25000 - 49999,1.0,1.0,0.0,2022-04-21,1
221303114441.0,0.8073256,"days_tenure, age_in_years, income",521301344002.0,810.256626,110.0,2022-08-14,48,1974-11-24,32.697371,-97.45081,Fort Worth,TX,Tarrant,32500.0,1.0,14.0,Married,75000 - 99999,1.0,0.0,1.0,2022-07-16,1
221301089932.0,0.8073038,"days_tenure, age_in_years, marital_status",521300398228.0,870.276225,128.0,2022-07-27,53,1969-12-26,32.751487,-97.359987,Fort Worth,TX,Tarrant,5000.0,1.0,10.0,Single,50000 - 74999,1.0,0.0,0.0,2022-03-14,1
221300647952.0,0.8072941,"days_tenure, age_in_years, home_value_upper",521300238879.0,1056.279819,129.0,2022-07-26,53,1969-07-26,32.747137,-97.381092,Fort Worth,TX,Tarrant,187500.0,0.0,4.0,Married,500000 - 749999,1.0,0.0,1.0,,0
221302245382.0,0.8072349,"days_tenure, age_in_years, income",521300811681.0,881.437572,89.0,2022-09-04,42,1980-08-23,32.643244,-97.363824,Fort Worth,TX,Tarrant,32500.0,1.0,1.0,Married,75000 - 99999,0.0,0.0,1.0,2021-12-15,1
221301760399.0,0.80719185,"days_tenure, income, age_in_years",521300639097.0,1059.362511,81.0,2022-09-12,40,1982-10-22,32.681332999999995,-97.323729,Fort Worth,TX,Tarrant,12500.0,0.0,15.0,Single,25000 - 49999,1.0,0.0,0.0,,0
221302214593.0,0.8071813,"days_tenure, age_in_years, home_value_lower",521300800520.0,988.939291,86.0,2022-09-07,30,1993-04-19,,,Lewisville,TX,Denton,187500.0,1.0,12.0,Married,175000 - 199999,1.0,0.0,1.0,,0
221300806383.0,0.80713993,"days_tenure, age_in_years, college_degree",521300296402.0,1145.851402,85.0,2022-09-08,41,1981-10-22,,,Dallas,TX,Dallas,5000.0,0.0,15.0,Married,25000 - 49999,1.0,1.0,0.0,,0
221301280011.0,0.80712634,"days_tenure, income, age_in_years",521300466668.0,1063.934774,125.0,2022-07-30,52,1970-10-25,32.710765,-96.8111,Dallas,TX,Dallas,32500.0,1.0,3.0,Married,25000 - 49999,1.0,0.0,0.0,,0
221301653823.0,0.80711734,"days_tenure, age_in_years, marital_status",521300600023.0,1046.311789,154.0,2022-07-01,60,1962-12-28,32.672809,-97.165392,Arlington,TX,Tarrant,187500.0,1.0,15.0,Married,75000 - 99999,1.0,1.0,1.0,,0
221301098275.0,0.80709654,"days_tenure, income, age_in_years",521300401357.0,953.373682,122.0,2022-08-02,51,1971-07-27,32.806168,-97.370705,Fort Worth,TX,Tarrant,22500.0,1.0,9.0,Married,25000 - 49999,1.0,0.0,0.0,,0
221301393663.0,0.8070911,"days_tenure, home_value_lower, income",521300508018.0,1163.435335,81.0,2022-09-12,40,1982-12-23,32.859492,-96.793169,Dallas,TX,Dallas,250000.0,0.0,5.0,Married,225000 - 249999,1.0,0.0,1.0,2022-04-09,1
221301010783.0,0.80708736,"days_tenure, age_in_years, marital_status",521300370455.0,1322.159295,88.0,2022-09-05,42,1980-11-23,32.80051,-97.347268,Fort Worth,TX,Tarrant,5000.0,1.0,15.0,Married,25000 - 49999,1.0,1.0,0.0,,0
221300240517.0,0.80704015,"days_tenure, age_in_years, income",521300090842.0,1132.457796,155.0,2022-06-30,60,1962-07-28,32.774762,-97.400013,Fort Worth,TX,Tarrant,27500.0,0.0,15.0,Married,50000 - 74999,1.0,0.0,0.0,,0
221300298081.0,0.8070085,"days_tenure, age_in_years, income",521300112736.0,1254.184205,97.0,2022-08-27,44,1978-07-24,32.741402,-96.891994,Dallas,TX,Dallas,27500.0,0.0,13.0,Married,50000 - 74999,1.0,0.0,0.0,,0
221300341957.0,0.806996,"days_tenure, age_in_years, college_degree",521300128754.0,1063.230954,100.0,2022-08-24,45,1977-08-23,32.688312,-97.340045,Fort Worth,TX,Tarrant,5000.0,1.0,8.0,Married,25000 - 49999,1.0,1.0,0.0,2022-02-24,1
221302137165.0,0.80697817,"days_tenure, age_in_years, income",521300772658.0,952.294602,92.0,2022-09-01,30,1992-06-20,32.744705,-96.827385,Dallas,TX,Dallas,32500.0,1.0,15.0,Married,50000 - 74999,1.0,0.0,0.0,2022-09-19,1
221300929837.0,0.8069675,"days_tenure, age_in_years, income",521300341959.0,1062.263281,100.0,2022-08-24,45,1977-09-23,32.726415,-96.803014,Dallas,TX,Dallas,17500.0,0.0,2.0,Married,25000 - 49999,1.0,0.0,0.0,,0
221300884833.0,0.80694765,"days_tenure, age_in_years, marital_status",521300325548.0,875.147006,135.0,2022-07-20,55,1968-02-25,32.727625,-97.041097,Grand Prairie,TX,Dallas,5000.0,1.0,13.0,Married,50000 - 74999,1.0,0.0,0.0,,0
221302804865.0,0.80689347,"days_tenure, income, age_in_years",521301034425.0,880.46959,83.0,2022-09-10,40,1982-05-22,32.826925,-97.078763,Euless,TX,Tarrant,32500.0,0.0,6.801,Married,50000 - 74999,0.0,1.0,1.0,2022-01-23,1
221300995335.0,0.80684525,"days_tenure, income, age_in_years",521300364855.0,1070.032954,83.0,2022-09-10,41,1982-03-22,32.652829999999994,-97.346571,Fort Worth,TX,Tarrant,80372.176,0.0,10.0,Married,50000 - 74999,0.0,0.0,1.0,,0
221302811740.0,0.80680007,"days_tenure, age_in_years, marital_status",521301041300.0,1218.797359,155.0,2022-06-30,60,1962-07-28,32.738908,-96.808379,Dallas,TX,Dallas,5000.0,1.0,15.0,Married,25000 - 49999,1.0,0.0,0.0,,0
221300960278.0,0.8067756,"days_tenure, age_in_years, marital_status",521300352782.0,790.919902,143.0,2022-07-12,37,1985-06-21,32.750346,-96.754967,Dallas,TX,Dallas,5000.0,0.0,15.0,Single,25000 - 49999,1.0,0.0,0.0,2022-06-10,1
221300381311.0,0.8067372,"days_tenure, income, age_in_years",521300143724.0,897.633113,160.0,2022-06-25,40,1983-02-21,,,Dallas,TX,Dallas,80372.176,0.0,0.0,Married,,0.0,0.0,0.0,,0
221300125631.0,0.8067344,"days_tenure, age_in_years, income",521300047863.0,910.125279,130.0,2022-07-25,36,1987-03-22,,,Dallas,TX,Dallas,17500.0,1.0,1.0,Single,100000 - 124999,0.0,0.0,0.0,2022-10-12,1
221300765959.0,0.8067244,"days_tenure, age_in_years, income",521300281012.0,1022.270695,122.0,2022-08-02,51,1971-08-26,32.585383,-96.317349,Kaufman,TX,Kaufman,5000.0,0.0,1.0,Married,50000 - 74999,0.0,0.0,1.0,,0
221300485464.0,0.80671406,"days_tenure, home_value_lower, home_value_upper",521300180594.0,847.894995,122.0,2022-08-02,51,1971-07-27,32.964476000000005,-96.93856,Coppell,TX,Dallas,187500.0,0.0,6.0,Married,225000 - 249999,1.0,1.0,1.0,2022-04-23,1
221301173224.0,0.8067056,"days_tenure, income, age_in_years",521300427709.0,767.389256,160.0,2022-06-25,40,1983-01-21,32.724808,-97.155429,Arlington,TX,Tarrant,12500.0,1.0,0.0,Married,100000 - 124999,0.0,0.0,1.0,,0
221302970772.0,0.8066663,"days_tenure, age_in_years, marital_status",521301200332.0,843.704624,88.0,2022-09-05,42,1980-10-23,32.71254,-96.774414,Dallas,TX,Dallas,5000.0,1.0,5.0,Single,50000 - 74999,1.0,0.0,0.0,,0
221302637100.0,0.8066628,"days_tenure, age_in_years, marital_status",521300955106.0,1285.89624,118.0,2022-08-06,50,1972-09-25,32.883044,-96.741283,Dallas,TX,Dallas,187500.0,1.0,15.0,Married,75000 - 99999,1.0,1.0,1.0,,0
221303165750.0,0.80662537,"days_tenure, income, age_in_years",521301395312.0,805.83556,83.0,2022-09-10,40,1982-05-22,33.097748,-96.65475,Allen,TX,Collin,80372.176,0.0,9.0,Married,75000 - 99999,1.0,0.0,1.0,2022-10-26,1
221302008797.0,0.8066104,"days_tenure, age_in_years, income",521300727460.0,760.533871,115.0,2022-08-09,34,1989-04-20,,,Fort Worth,TX,Tarrant,17500.0,0.0,0.0,Married,,0.0,0.0,0.0,2022-10-01,1
221300211863.0,0.8066021,"days_tenure, income, marital_status",521300080290.0,1087.541079,79.0,2022-09-14,40,1983-04-23,,,Carrollton,TX,Denton,70000.0,1.0,0.0,Married,,0.0,0.0,1.0,2022-05-21,1
221300019644.0,0.8065553,"days_tenure, income, age_in_years",521300006699.0,1177.89434,81.0,2022-09-12,40,1982-09-22,32.787512,-96.756281,Dallas,TX,Dallas,22500.0,0.0,15.0,Married,50000 - 74999,1.0,0.0,0.0,,0
221300649120.0,0.80654854,"days_tenure, age_in_years, marital_status",521300239262.0,488.678874,160.0,2022-06-25,40,1983-02-21,32.816258999999995,-96.768466,Dallas,TX,Dallas,5000.0,1.0,12.0,Single,25000 - 49999,0.0,0.0,0.0,,0
221302998838.0,0.8064071,"days_tenure, income, marital_status",521301228398.0,859.411982,79.0,2022-09-14,40,1983-04-23,32.882922,-96.63261,Garland,TX,Dallas,27500.0,1.0,2.0,Single,50000 - 74999,0.0,0.0,1.0,2022-08-28,1
221301830216.0,0.8063771,"days_tenure, income, age_in_years",521300663111.0,914.789212,126.0,2022-07-29,52,1970-07-26,32.758825,-96.900086,Dallas,TX,Dallas,32500.0,1.0,3.0,Married,75000 - 99999,0.0,0.0,0.0,2022-10-22,1
221301456885.0,0.8063624,"days_tenure, age_in_years, income",521300529879.0,1243.558235,115.0,2022-08-09,49,1973-08-24,32.811771,-96.807271,Dallas,TX,Dallas,32500.0,0.0,15.0,Married,100000 - 124999,1.0,1.0,1.0,,0
221301255394.0,0.8063617,"days_tenure, income, age_in_years",521300457529.0,1009.788986,122.0,2022-08-02,51,1971-08-26,,,Dallas,TX,Dallas,17500.0,0.0,0.0,Married,,0.0,0.0,1.0,,0
221301574829.0,0.80635804,"days_tenure, income, age_in_years",521300570676.0,1049.185409,125.0,2022-07-30,52,1970-11-25,32.785469,-97.373765,Fort Worth,TX,Tarrant,32500.0,1.0,3.0,Married,50000 - 74999,0.0,0.0,0.0,,0
221301379915.0,0.8063348,"days_tenure, age_in_years, marital_status",521300502706.0,1019.559404,118.0,2022-08-06,50,1972-08-25,32.716371,-97.281489,Fort Worth,TX,Tarrant,5000.0,1.0,6.0,Single,25000 - 49999,1.0,0.0,0.0,2022-01-16,1
221301905774.0,0.80633384,"days_tenure, income, age_in_years",521300690775.0,908.938681,124.0,2022-07-31,52,1971-02-24,,,Mckinney,TX,Collin,32500.0,1.0,0.0,Married,,0.0,0.0,0.0,,0
221302009354.0,0.80631393,"days_tenure, income, age_in_years",521300727683.0,562.048603,53.0,2022-10-10,32,1990-05-20,,,Fort Worth,TX,Tarrant,27500.0,0.0,4.0,Married,75000 - 99999,0.0,0.0,0.0,2021-12-15,1
221300746696.0,0.8062857,"days_tenure, income, home_value_lower",521300273613.0,752.673693,79.0,2022-09-14,40,1983-04-23,32.695851,-96.442665,Forney,TX,Kaufman,125000.0,0.0,4.0,Married,125000 - 149999,1.0,0.0,1.0,,0
221300954691.0,0.80627835,"days_tenure, income, home_value_lower",521300350636.0,1064.239611,79.0,2022-09-14,40,1983-04-23,33.032447,-96.560014,Wylie,TX,Collin,87500.0,1.0,2.0,Married,175000 - 199999,1.0,1.0,1.0,2022-05-02,1
221301878637.0,0.80619127,"days_tenure, income, age_in_years",521300680271.0,1089.720696,86.0,2022-09-07,41,1981-05-22,32.7221,-97.091801,Arlington,TX,Tarrant,32500.0,1.0,0.0,Married,25000 - 49999,1.0,1.0,1.0,2022-10-22,1
221300184119.0,0.80616313,"days_tenure, age_in_years, income",521300069807.0,583.094138,91.0,2022-09-02,43,1980-01-22,32.726426000000004,-96.863152,Dallas,TX,Dallas,27500.0,1.0,3.0,Married,50000 - 74999,1.0,0.0,0.0,,0
221303106104.0,0.8061282,"days_tenure, income, age_in_years",521301335665.0,1281.083385,82.0,2022-09-11,40,1982-07-23,32.682082,-96.902609,Dallas,TX,Dallas,12500.0,1.0,3.0,Married,75000 - 99999,1.0,1.0,0.0,,0
221300676199.0,0.8061137,"days_tenure, age_in_years, marital_status",521300249003.0,839.67918,152.0,2022-07-03,59,1963-06-28,32.740574,-97.326892,Fort Worth,TX,Tarrant,5000.0,1.0,2.0,Married,50000 - 74999,0.0,1.0,0.0,,0
221302922748.0,0.8061117,"days_tenure, age_in_years, income",521301152308.0,1064.162867,98.0,2022-08-26,45,1978-02-21,32.756322,-96.902022,Dallas,TX,Dallas,27500.0,1.0,1.0,Married,25000 - 49999,0.0,1.0,0.0,,0
221301470920.0,0.80610365,"days_tenure, income, age_in_years",521300534484.0,1291.41657,82.0,2022-09-11,40,1982-06-22,32.723929,-97.265455,Fort Worth,TX,Tarrant,12500.0,0.0,15.0,Married,25000 - 49999,1.0,1.0,0.0,2022-11-12,1
221301389902.0,0.8060927,"days_tenure, age_in_years, marital_status",521300506628.0,853.703891,145.0,2022-07-10,58,1965-04-26,32.750891,-96.787164,Dallas,TX,Dallas,5000.0,0.0,15.0,Married,25000 - 49999,1.0,0.0,0.0,,0
221300934862.0,0.8060575,"days_tenure, age_in_years, marital_status",521300343833.0,970.670561,116.0,2022-08-08,49,1973-05-24,32.739609,-96.764629,Dallas,TX,Dallas,5000.0,0.0,4.0,Single,50000 - 74999,1.0,0.0,0.0,2022-02-18,1
221301314349.0,0.8059661,"days_tenure, age_in_years, marital_status",521300479306.0,711.208856,125.0,2022-07-30,52,1970-11-25,,,Fort Worth,TX,Tarrant,5000.0,1.0,3.0,Single,100000 - 124999,0.0,0.0,1.0,,0
221301261297.0,0.80595064,"days_tenure, age_in_years, marital_status",521300459767.0,1230.27894,98.0,2022-08-26,45,1978-03-23,32.707451,-96.777945,Dallas,TX,Dallas,5000.0,1.0,14.0,Married,25000 - 49999,1.0,0.0,0.0,,0
221303172051.0,0.80585676,"days_tenure, income, marital_status",521301401613.0,1099.952285,79.0,2022-09-14,40,1983-04-23,32.867215,-97.189538,Hurst,TX,Tarrant,125000.0,0.0,4.0,Married,75000 - 99999,1.0,0.0,1.0,2022-09-12,1
221303295077.0,0.80584043,"days_tenure, age_in_years, marital_status",521301524640.0,880.7713,114.0,2022-08-10,49,1973-11-24,,,Dallas,TX,Dallas,5000.0,1.0,0.0,Single,,0.0,0.0,0.0,,0
221301840401.0,0.80580074,"days_tenure, age_in_years, income",521300666782.0,975.354921,88.0,2022-09-05,42,1981-01-20,32.707776,-97.441184,Fort Worth,TX,Tarrant,17500.0,1.0,3.0,Married,50000 - 74999,1.0,0.0,1.0,2022-10-14,1
221301584794.0,0.80579764,"days_tenure, age_in_years, marital_status",521300574304.0,1010.401968,85.0,2022-09-08,41,1981-08-22,32.730515999999994,-97.269651,Fort Worth,TX,Tarrant,5000.0,1.0,6.0,Single,25000 - 49999,1.0,1.0,0.0,,0
221300480312.0,0.8057766,"days_tenure, age_in_years, income",521300178563.0,842.662368,137.0,2022-07-18,37,1986-03-21,32.714351,-97.127636,Arlington,TX,Tarrant,32500.0,1.0,4.0,Married,50000 - 74999,1.0,0.0,1.0,,0
221301325581.0,0.8057757,"days_tenure, age_in_years, curr_ann_amt",521300483227.0,1421.448082,137.0,2022-07-18,55,1967-07-28,32.803007,-96.803894,Dallas,TX,Dallas,187500.0,0.0,15.0,Married,50000 - 74999,1.0,0.0,1.0,2022-04-11,1
221301387176.0,0.8057757,"days_tenure, age_in_years, income",521300505558.0,996.309108,115.0,2022-08-09,49,1973-07-25,32.708196,-96.787849,Dallas,TX,Dallas,27500.0,0.0,2.0,Single,25000 - 49999,1.0,0.0,0.0,,0
221302963667.0,0.80577505,"days_tenure, income, age_in_years",521301193227.0,842.588452,83.0,2022-09-10,40,1982-05-22,32.690242,-97.292727,Fort Worth,TX,Tarrant,32500.0,0.0,4.0,Single,50000 - 74999,1.0,0.0,0.0,2022-07-30,1
221301563106.0,0.80572397,"days_tenure, age_in_years, marital_status",521300566281.0,1188.749357,154.0,2022-07-01,60,1962-09-27,32.694030999999995,-97.348109,Fort Worth,TX,Tarrant,5000.0,1.0,14.0,Married,25000 - 49999,1.0,1.0,0.0,2022-01-09,1
221301539825.0,0.8055334,"days_tenure, income, home_value_lower",521300558611.0,1338.704877,79.0,2022-09-14,40,1983-04-23,32.746829,-97.386222,Fort Worth,TX,Tarrant,225000.0,0.0,15.0,Married,125000 - 149999,1.0,0.0,1.0,,0
221300386625.0,0.8055313,"days_tenure, age_in_years, marital_status",521300145789.0,719.101349,53.0,2022-10-10,32,1990-06-20,32.738175,-96.705041,Dallas,TX,Dallas,5000.0,1.0,1.0,Single,50000 - 74999,1.0,0.0,0.0,,0
221300369454.0,0.8054946,"days_tenure, age_in_years, income",521300139348.0,1065.501395,142.0,2022-07-13,37,1985-08-21,32.740141,-96.800142,Dallas,TX,Dallas,32500.0,1.0,15.0,Married,50000 - 74999,1.0,0.0,0.0,2022-02-18,1
221300965173.0,0.8054903,"days_tenure, income, age_in_years",521300354580.0,1243.165316,159.0,2022-06-26,40,1983-04-23,32.790509,-97.361459,Fort Worth,TX,Tarrant,32500.0,1.0,15.0,Married,75000 - 99999,1.0,0.0,1.0,2022-11-20,1
221301656478.0,0.8054852,"days_tenure, income, age_in_years",521300601039.0,778.296187,84.0,2022-09-09,41,1981-12-23,32.677088,-97.326006,Fort Worth,TX,Tarrant,12500.0,1.0,14.0,Single,25000 - 49999,1.0,0.0,0.0,2022-10-28,1
221303082992.0,0.8054627,"days_tenure, age_in_years, income",521301312552.0,862.372601,110.0,2022-08-14,48,1974-11-24,32.856257,-96.831082,Dallas,TX,Dallas,32500.0,0.0,5.0,Married,100000 - 124999,1.0,0.0,0.0,2022-07-22,1
221301180448.0,0.8054297,"days_tenure, income, age_in_years",521300430336.0,1211.277793,86.0,2022-09-07,41,1981-06-22,32.708838,-97.343255,Fort Worth,TX,Tarrant,32500.0,1.0,12.0,Married,25000 - 49999,1.0,1.0,1.0,,0
221302046009.0,0.8054173,"days_tenure, age_in_years, income",521300740290.0,1026.378203,137.0,2022-07-18,55,1967-07-28,32.671989,-96.770889,Dallas,TX,Dallas,5000.0,0.0,15.0,Married,50000 - 74999,1.0,0.0,0.0,,0
221302310918.0,0.80538565,"days_tenure, age_in_years, income",521300835749.0,1126.97928,125.0,2022-07-30,52,1970-10-25,,,Grand Prairie,TX,Dallas,17500.0,0.0,1.0,Married,75000 - 99999,1.0,0.0,0.0,2022-05-28,1
221300269264.0,0.8053643,"days_tenure, age_in_years, income",521300101958.0,937.957806,155.0,2022-06-30,60,1962-07-28,32.739355,-96.843861,Dallas,TX,Dallas,17500.0,1.0,15.0,Married,50000 - 74999,1.0,0.0,0.0,,0
221302751269.0,0.8053328,"days_tenure, age_in_years, home_value_lower",521300996101.0,882.134101,90.0,2022-09-03,43,1980-04-23,32.785086,-96.7968,,TX,,5000.0,1.0,2.0,Married,150000 - 174999,0.0,0.0,0.0,,0
221303022135.0,0.8052493,"days_tenure, age_in_years, marital_status",521301251695.0,630.906645,129.0,2022-07-26,36,1987-04-22,32.683342,-96.760926,Dallas,TX,Dallas,5000.0,0.0,4.0,Single,100000 - 124999,0.0,0.0,0.0,,0
221300071808.0,0.8052264,"days_tenure, age_in_years, marital_status",521300026747.0,1126.825853,144.0,2022-07-11,38,1985-04-21,,,Keller,TX,Tarrant,187500.0,1.0,0.0,Married,,0.0,0.0,1.0,,0
221303063298.0,0.8051688,"days_tenure, income, age_in_years",521301292858.0,875.393156,83.0,2022-09-10,40,1982-05-22,32.931768,-96.457677,Rockwall,TX,Rockwall,32500.0,1.0,1.0,Single,50000 - 74999,0.0,0.0,1.0,2022-07-09,1
221300897975.0,0.80511236,"days_tenure, income, age_in_years",521300330474.0,879.553744,85.0,2022-09-08,41,1981-09-22,32.672795,-97.1041,Arlington,TX,Tarrant,87500.0,1.0,5.0,Married,100000 - 124999,1.0,0.0,1.0,2022-04-16,1
221301372189.0,0.8050968,"days_tenure, age_in_years, marital_status",521300499970.0,1033.960053,117.0,2022-08-07,50,1972-11-25,32.75672,-97.307271,Fort Worth,TX,Tarrant,5000.0,1.0,12.0,Single,25000 - 49999,1.0,0.0,0.0,,0
221302896757.0,0.8050885,"days_tenure, income, age_in_years",521301126317.0,1199.404341,125.0,2022-07-30,52,1970-10-25,32.725297,-96.849564,Dallas,TX,Dallas,27500.0,1.0,13.0,Single,50000 - 74999,1.0,0.0,0.0,2022-01-11,1
221300883770.0,0.8050756,"days_tenure, age_in_years, marital_status",521300325152.0,1020.992993,143.0,2022-07-12,57,1965-09-26,32.71673,-96.785159,Dallas,TX,Dallas,5000.0,1.0,15.0,Married,50000 - 74999,1.0,0.0,0.0,2022-07-22,1
221301958503.0,0.80504566,"days_tenure, age_in_years, marital_status",521300709550.0,761.706991,160.0,2022-06-25,62,1961-04-27,32.721976,-97.400049,Fort Worth,TX,Tarrant,5000.0,0.0,1.0,Married,25000 - 49999,1.0,0.0,0.0,2022-01-15,1
221300685840.0,0.8050154,"days_tenure, age_in_years, college_degree",521300251619.0,871.005973,94.0,2022-08-30,44,1979-03-24,32.723226000000004,-97.240903,Fort Worth,TX,Tarrant,5000.0,1.0,12.0,Married,25000 - 49999,1.0,1.0,0.0,2022-04-21,1
221301404683.0,0.80484265,"days_tenure, income, age_in_years",521300511780.0,956.900438,82.0,2022-09-11,40,1982-06-22,33.030492,-96.591213,Wylie,TX,Collin,62500.0,1.0,3.0,Married,100000 - 124999,0.0,0.0,1.0,,0
221300830196.0,0.80478984,"days_tenure, age_in_years, marital_status",521300305350.0,677.501594,102.0,2022-08-22,46,1977-03-23,32.729409999999994,-96.799875,Dallas,TX,Dallas,5000.0,1.0,15.0,Married,25000 - 49999,1.0,0.0,0.0,,0
221301077092.0,0.80468357,"days_tenure, income, age_in_years",521300393316.0,825.927371,81.0,2022-09-12,40,1982-10-22,33.041293,-96.669078,Plano,TX,Collin,87500.0,0.0,15.0,Married,100000 - 124999,1.0,0.0,1.0,2022-05-20,1
221303037402.0,0.8046559,"days_tenure, income, age_in_years",521301266962.0,793.409525,124.0,2022-07-31,52,1971-01-24,32.780955,-96.911136,Dallas,TX,Dallas,32500.0,1.0,15.0,Married,25000 - 49999,1.0,0.0,0.0,2022-09-26,1
221301167484.0,0.8046524,"days_tenure, age_in_years, income",521300425489.0,949.646037,114.0,2022-08-10,49,1973-10-24,32.800689,-97.351651,Fort Worth,TX,Tarrant,12500.0,1.0,14.0,Married,50000 - 74999,1.0,0.0,0.0,2022-06-26,1
221302676171.0,0.8046158,"days_tenure, income, home_value_lower",521300969864.0,898.124073,79.0,2022-09-14,40,1983-04-23,32.936012,-97.135739,Southlake,TX,Tarrant,250000.0,1.0,5.0,Married,175000 - 199999,1.0,1.0,1.0,2022-08-28,1
221300985361.0,0.8045066,"days_tenure, income, age_in_years",521300361757.0,861.789286,81.0,2022-09-12,40,1982-10-22,32.854069,-97.140202,Bedford,TX,Tarrant,87500.0,1.0,5.0,Married,100000 - 124999,1.0,0.0,1.0,,0
221301058231.0,0.804485,"days_tenure, income, age_in_years",521300386591.0,864.751349,53.0,2022-10-10,32,1990-08-20,32.725226,-97.292757,Fort Worth,TX,Tarrant,22500.0,1.0,15.0,Married,50000 - 74999,1.0,0.0,0.0,,0
221303073366.0,0.8044728,"days_tenure, age_in_years, marital_status",521301302926.0,1266.759221,118.0,2022-08-06,50,1972-09-25,32.715166,-97.263539,Fort Worth,TX,Tarrant,5000.0,1.0,11.0,Married,25000 - 49999,1.0,1.0,0.0,,0
221302336147.0,0.8044515,"days_tenure, age_in_years, home_value_lower",521300845261.0,1068.87382,52.0,2022-10-11,32,1990-09-20,32.843538,-96.554426,Garland,TX,Dallas,187500.0,0.0,9.0,Married,125000 - 149999,1.0,0.0,1.0,2022-09-08,1
221300124112.0,0.80437416,"days_tenure, income, age_in_years",521300047292.0,1005.159739,122.0,2022-08-02,51,1971-07-27,32.836083,-96.680603,Dallas,TX,Dallas,32500.0,1.0,12.0,Married,50000 - 74999,1.0,0.0,1.0,2022-03-11,1
221302731464.0,0.80436975,"days_tenure, age_in_years, marital_status",521300989110.0,1074.395013,119.0,2022-08-05,50,1972-07-26,,,Dallas,TX,Dallas,5000.0,1.0,4.0,Married,50000 - 74999,1.0,0.0,0.0,2022-01-15,1
221301797997.0,0.80436194,"days_tenure, age_in_years, home_market_value",521300652097.0,661.700992,127.0,2022-07-28,53,1970-02-23,,,Dallas,TX,Dallas,5000.0,1.0,4.0,Married,1000 - 24999,0.0,0.0,0.0,2022-08-12,1
221302900446.0,0.8043257,"days_tenure, age_in_years, income",521301130006.0,749.795511,92.0,2022-09-01,30,1992-06-20,32.751451,-96.640009,Dallas,TX,Dallas,32500.0,1.0,4.0,Married,75000 - 99999,1.0,0.0,1.0,,0
221300972634.0,0.8042834,"days_tenure, age_in_years, marital_status",521300357319.0,919.007364,137.0,2022-07-18,55,1967-07-28,,,Dallas,TX,Dallas,5000.0,1.0,5.0,Married,50000 - 74999,1.0,0.0,0.0,,0
221303232499.0,0.80428016,"days_tenure, income, age_in_years",521301462061.0,883.596399,134.0,2022-07-21,36,1986-09-21,32.765899,-96.950798,Grand Prairie,TX,Dallas,32500.0,1.0,3.0,Married,75000 - 99999,1.0,0.0,0.0,,0
221301564379.0,0.80427533,"days_tenure, income, age_in_years",521300566757.0,989.77493,82.0,2022-09-11,40,1982-07-23,32.860535,-96.651444,Garland,TX,Dallas,87500.0,1.0,10.0,Married,100000 - 124999,1.0,0.0,1.0,2022-04-22,1
221302510458.0,0.8042198,"days_tenure, age_in_years, marital_status",521300909271.0,773.101117,73.0,2022-09-20,28,1995-01-18,32.739927,-96.850737,Dallas,TX,Dallas,5000.0,1.0,2.0,Single,50000 - 74999,1.0,0.0,0.0,2022-02-20,1
221302779021.0,0.8042194,"days_tenure, income, age_in_years",521301008581.0,762.590126,53.0,2022-10-10,32,1990-06-20,32.995991000000004,-97.219886,Roanoke,TX,Denton,32500.0,0.0,7.0,Married,75000 - 99999,1.0,0.0,1.0,2022-11-27,1
221300701678.0,0.8042177,"days_tenure, income, age_in_years",521300257697.0,948.767153,81.0,2022-09-12,40,1982-11-22,,,Carrollton,TX,Denton,62500.0,1.0,0.0,Married,,0.0,0.0,1.0,2021-12-23,1
221301782108.0,0.8041927,"days_tenure, income, age_in_years",521300646720.0,1068.207608,82.0,2022-09-11,40,1982-06-22,32.829541,-96.817681,Dallas,TX,Dallas,87500.0,1.0,2.0,Married,150000 - 174999,1.0,1.0,1.0,,0
221302008803.0,0.80414844,"days_tenure, age_in_years, income",521300727460.0,839.19386,87.0,2022-09-06,42,1981-03-22,,,Fort Worth,TX,Tarrant,12500.0,1.0,7.0,Married,100000 - 124999,0.0,0.0,0.0,,0
221302509016.0,0.80413824,"days_tenure, age_in_years, income",521300908712.0,1029.676685,113.0,2022-08-11,49,1974-01-22,32.740986,-97.230824,Fort Worth,TX,Tarrant,27500.0,1.0,3.0,Single,25000 - 49999,1.0,0.0,0.0,2022-01-02,1
221300296136.0,0.8041362,"days_tenure, age_in_years, income",521300111969.0,795.373708,142.0,2022-07-13,37,1985-08-21,32.694999,-97.30495,Fort Worth,TX,Tarrant,17500.0,1.0,10.0,Married,25000 - 49999,1.0,0.0,1.0,,0
221301184917.0,0.8040746,"days_tenure, age_in_years, income",521300431945.0,1268.569933,116.0,2022-08-08,49,1973-05-24,,,Fort Worth,TX,Tarrant,17500.0,1.0,0.0,Married,,0.0,0.0,0.0,,0
221301237366.0,0.8040712,"days_tenure, age_in_years, marital_status",521300450674.0,952.648497,89.0,2022-09-04,42,1980-07-24,32.761613999999994,-97.309252,Fort Worth,TX,Tarrant,5000.0,0.0,2.0,Single,25000 - 49999,1.0,0.0,0.0,,0
221303128558.0,0.8040414,"days_tenure, income, age_in_years",521301358119.0,780.705574,111.0,2022-08-13,48,1974-08-24,32.716814,-96.717781,Dallas,TX,Dallas,32500.0,1.0,14.0,Married,50000 - 74999,0.0,0.0,0.0,2021-12-13,1
221301392374.0,0.804041,"days_tenure, income, age_in_years",521300507515.0,1378.966646,81.0,2022-09-12,40,1982-11-22,32.800882,-97.292847,Fort Worth,TX,Tarrant,32500.0,0.0,15.0,Married,50000 - 74999,1.0,0.0,1.0,2022-03-09,1
221301789802.0,0.8040379,"days_tenure, age_in_years, marital_status",521300649006.0,811.581236,90.0,2022-09-03,30,1992-08-20,32.699845999999994,-96.773199,Dallas,TX,Dallas,5000.0,1.0,1.0,Single,50000 - 74999,0.0,0.0,0.0,2022-06-24,1
221301459514.0,0.8039759,"days_tenure, income, age_in_years",521300530815.0,1019.380475,124.0,2022-07-31,52,1970-12-26,32.855917,-96.7984,Dallas,TX,Dallas,250000.0,1.0,5.0,Married,300000 - 349999,1.0,0.0,1.0,2022-04-09,1
221302521264.0,0.8039342,"days_tenure, income, home_value_lower",521300913421.0,915.380531,79.0,2022-09-14,40,1983-04-23,33.208855,-96.708211,Mckinney,TX,Collin,125000.0,1.0,5.0,Married,175000 - 199999,1.0,1.0,1.0,,0
221301263363.0,0.8039105,"days_tenure, age_in_years, marital_status",521300460492.0,926.501587,142.0,2022-07-13,57,1966-01-24,32.796125,-97.364886,Fort Worth,TX,Tarrant,5000.0,1.0,15.0,Married,50000 - 74999,1.0,0.0,0.0,,0
221302323370.0,0.8039087,"days_tenure, age_in_years, income",521300840594.0,891.894537,112.0,2022-08-12,48,1974-06-24,32.720755999999994,-97.082375,Arlington,TX,Tarrant,17500.0,1.0,15.0,Married,25000 - 49999,1.0,0.0,1.0,,0
221301892417.0,0.8038471,"days_tenure, age_in_years, income",521300685507.0,997.19696,90.0,2022-09-03,42,1980-05-23,32.816702,-97.387718,Fort Worth,TX,Tarrant,12500.0,1.0,11.0,Married,50000 - 74999,1.0,0.0,0.0,,0
221301465985.0,0.80384177,"days_tenure, age_in_years, marital_status",521300533005.0,964.800645,82.0,2022-09-11,40,1982-08-22,,,Hurst,TX,Tarrant,5000.0,1.0,14.0,Single,125000 - 149999,1.0,0.0,0.0,2022-06-19,1
221303278448.0,0.803806,"days_tenure, age_in_years, home_value_lower",521301508011.0,868.910515,100.0,2022-08-24,45,1977-08-23,32.741323,-97.440734,,TX,,5000.0,1.0,10.0,Married,125000 - 149999,0.0,0.0,0.0,,0
221301319357.0,0.8037972,"days_tenure, age_in_years, marital_status",521300481223.0,1152.804203,142.0,2022-07-13,37,1985-08-21,32.706036999999995,-96.821867,Dallas,TX,Dallas,5000.0,1.0,6.0,Single,25000 - 49999,1.0,0.0,0.0,2022-03-26,1
221302878949.0,0.80379045,"days_tenure, age_in_years, curr_ann_amt",521301108509.0,1320.502597,115.0,2022-08-09,49,1973-08-24,32.745618,-96.686405,Dallas,TX,Dallas,5000.0,1.0,15.0,Married,50000 - 74999,0.0,0.0,1.0,2022-08-17,1
221302122021.0,0.80376303,"days_tenure, income, age_in_years",521300767076.0,962.864788,83.0,2022-09-10,40,1982-05-22,33.175594,-96.689348,Mckinney,TX,Collin,87500.0,1.0,7.0,Married,125000 - 149999,1.0,0.0,1.0,2022-04-15,1
221300311608.0,0.8037457,"days_tenure, age_in_years, marital_status",521300117522.0,1055.576832,107.0,2022-08-17,32,1990-05-20,32.717527000000004,-96.61752,Balch Springs,TX,Dallas,5000.0,0.0,6.801,Single,100000 - 124999,0.0,0.0,0.0,2021-12-13,1
221301239242.0,0.8036748,"days_tenure, income, age_in_years",521300451374.0,1018.237645,125.0,2022-07-30,52,1970-11-25,32.607233,-96.680767,Wilmer,TX,Dallas,32500.0,1.0,9.0,Married,50000 - 74999,1.0,0.0,1.0,2022-04-25,1
221301073775.0,0.80359817,"days_tenure, income, marital_status",521300392035.0,1005.312035,79.0,2022-09-14,40,1983-04-23,33.232502000000004,-96.636158,Mckinney,TX,Collin,17500.0,1.0,2.0,Married,75000 - 99999,1.0,0.0,1.0,,0
221301905016.0,0.80351985,"days_tenure, income, age_in_years",521300690472.0,1020.297868,81.0,2022-09-12,40,1982-10-22,32.722369,-96.907464,Dallas,TX,Dallas,32500.0,1.0,7.0,Married,75000 - 99999,1.0,1.0,0.0,2022-09-02,1
221302705021.0,0.8034971,"days_tenure, age_in_years, marital_status",521300980423.0,722.92613,90.0,2022-09-03,42,1980-06-23,32.717207,-97.310996,Fort Worth,TX,Tarrant,5000.0,0.0,15.0,Single,50000 - 74999,1.0,0.0,0.0,2022-02-20,1
221301449271.0,0.803451,"days_tenure, age_in_years, home_value_lower",521300527128.0,1239.134888,128.0,2022-07-27,53,1969-12-26,32.691817,-96.995967,Grand Prairie,TX,Dallas,187500.0,1.0,15.0,Married,125000 - 149999,1.0,0.0,1.0,,0
221300028617.0,0.80343294,"days_tenure, age_in_years, income",521300010138.0,1109.275739,121.0,2022-08-03,51,1971-11-26,,,Mckinney,TX,Collin,5000.0,0.0,4.0,Married,100000 - 124999,0.0,0.0,0.0,,0
221302246401.0,0.8034059,"days_tenure, income, marital_status",521300812014.0,1213.416914,79.0,2022-09-14,40,1983-04-23,,,Irving,TX,Dallas,32500.0,1.0,0.0,Single,,0.0,0.0,1.0,,0
221302938950.0,0.80340457,"days_tenure, age_in_years, income",521301168510.0,791.761944,89.0,2022-09-04,42,1980-07-24,32.721118000000004,-96.852555,Dallas,TX,Dallas,12500.0,1.0,15.0,Married,25000 - 49999,1.0,0.0,0.0,2022-02-19,1
221302476724.0,0.8033985,"days_tenure, age_in_years, marital_status",521300897394.0,979.678155,82.0,2022-09-11,40,1982-08-22,,,Arlington,TX,Tarrant,5000.0,0.0,7.0,Single,125000 - 149999,0.0,0.0,0.0,2022-02-11,1
221302468741.0,0.8033886,"days_tenure, income, age_in_years",521300894488.0,786.380261,86.0,2022-09-07,41,1981-05-22,,,Dallas,TX,Dallas,22500.0,0.0,10.0,Married,100000 - 124999,0.0,0.0,0.0,,0
221300481483.0,0.80336046,"days_tenure, income, age_in_years",521300179023.0,943.39813,159.0,2022-06-26,40,1983-03-23,32.702934,-96.805034,Dallas,TX,Dallas,27500.0,1.0,15.0,Married,50000 - 74999,1.0,0.0,1.0,,0
221300721755.0,0.80333847,"days_tenure, age_in_years, home_value_lower",521300265002.0,1131.181466,131.0,2022-07-24,36,1987-02-20,,,Dallas,TX,Dallas,187500.0,1.0,6.0,Married,175000 - 199999,1.0,0.0,1.0,2021-12-10,1
221303174868.0,0.80333376,"days_tenure, income, age_in_years",521301404430.0,1031.932409,81.0,2022-09-12,40,1982-11-22,32.914602,-96.591076,Rowlett,TX,Dallas,87500.0,1.0,9.0,Married,100000 - 124999,1.0,0.0,1.0,2022-09-14,1
221301542197.0,0.8032912,"days_tenure, age_in_years, marital_status",521300559479.0,844.496318,141.0,2022-07-14,57,1966-04-26,32.667799,-96.754328,Dallas,TX,Dallas,5000.0,1.0,15.0,Married,50000 - 74999,1.0,0.0,0.0,2022-01-30,1
221302996933.0,0.80327636,"days_tenure, income, marital_status",521301226493.0,1249.889392,79.0,2022-09-14,40,1983-04-23,32.722833,-97.435343,Fort Worth,TX,Tarrant,62500.0,0.0,3.0,Single,50000 - 74999,1.0,0.0,1.0,,0
221300737615.0,0.80320233,"days_tenure, income, age_in_years",521300270425.0,1072.064798,125.0,2022-07-30,52,1970-11-25,32.782542,-96.854787,Dallas,TX,Dallas,22500.0,0.0,15.0,Married,50000 - 74999,1.0,0.0,0.0,2022-04-20,1
221301545787.0,0.8031841,"days_tenure, income, age_in_years",521300560870.0,1284.987122,111.0,2022-08-13,48,1974-08-24,32.818739,-96.789397,Dallas,TX,Dallas,80372.176,1.0,1.0,Married,75000 - 99999,1.0,1.0,1.0,2022-11-08,1
221300604112.0,0.80316824,"days_tenure, age_in_years, marital_status",521300223947.0,1159.161194,111.0,2022-08-13,48,1974-09-24,32.789974,-96.842809,Dallas,TX,Dallas,5000.0,0.0,5.0,Single,75000 - 99999,1.0,0.0,0.0,2022-07-09,1
221302847240.0,0.80315495,"days_tenure, age_in_years, college_degree",521301076800.0,967.933158,127.0,2022-07-28,53,1970-03-25,32.691945,-97.336352,Fort Worth,TX,Tarrant,5000.0,0.0,12.0,Married,25000 - 49999,1.0,1.0,0.0,,0
221302321816.0,0.80310464,"days_tenure, age_in_years, marital_status",521300840016.0,617.185194,115.0,2022-08-09,49,1973-07-25,32.74245500000001,-96.837935,Dallas,TX,Dallas,5000.0,1.0,12.0,Single,50000 - 74999,1.0,0.0,0.0,2021-12-25,1
221301141484.0,0.80306804,"days_tenure, income, age_in_years",521300416264.0,1008.196395,81.0,2022-09-12,40,1982-11-22,32.807266,-97.23357,Fort Worth,TX,Tarrant,27500.0,1.0,11.0,Married,50000 - 74999,1.0,0.0,1.0,2022-09-25,1
221300376251.0,0.8030459,"days_tenure, income, curr_ann_amt",521300141844.0,1199.129278,79.0,2022-09-14,40,1983-04-23,32.539369,-97.131659,Mansfield,TX,Tarrant,57500.0,1.0,9.0,Married,75000 - 99999,1.0,0.0,1.0,2022-02-24,1
221300783895.0,0.80299723,"days_tenure, income, age_in_years",521300287822.0,1056.749482,125.0,2022-07-30,52,1970-11-25,32.781515,-97.371036,Fort Worth,TX,Tarrant,32500.0,1.0,15.0,Married,50000 - 74999,1.0,0.0,0.0,2022-11-08,1
221302861708.0,0.8029751,"days_tenure, age_in_years, marital_status",521301091268.0,1073.349513,95.0,2022-08-29,44,1979-01-22,32.745777000000004,-96.695126,Dallas,TX,Dallas,5000.0,1.0,10.0,Married,25000 - 49999,1.0,1.0,0.0,,0
221301117919.0,0.8029297,"days_tenure, age_in_years, marital_status",521300407801.0,1153.752566,144.0,2022-07-11,57,1965-06-26,32.737516,-96.753182,Dallas,TX,Dallas,5000.0,1.0,13.0,Married,50000 - 74999,1.0,0.0,0.0,,0
221302912040.0,0.8028728,"days_tenure, age_in_years, marital_status",521301141600.0,1315.024943,133.0,2022-07-22,36,1986-10-21,,,Irving,TX,Dallas,5000.0,1.0,0.0,Married,,0.0,1.0,0.0,2022-08-29,1
221303244023.0,0.80284417,"days_tenure, age_in_years, income",521301473585.0,927.549264,110.0,2022-08-14,48,1974-11-24,,,Dallas,TX,Dallas,17500.0,0.0,0.0,Single,,0.0,0.0,0.0,2022-01-17,1
221301660220.0,0.80276144,"days_tenure, income, age_in_years",521300602473.0,1102.189309,82.0,2022-09-11,40,1982-06-22,32.675742,-97.159136,Arlington,TX,Tarrant,27500.0,1.0,7.0,Married,50000 - 74999,1.0,0.0,1.0,2022-10-02,1
221302020113.0,0.80274004,"days_tenure, income, age_in_years",521300731275.0,1033.45887,84.0,2022-09-09,41,1982-01-20,32.762675,-97.463841,Fort Worth,TX,Tarrant,12500.0,1.0,12.0,Married,25000 - 49999,1.0,0.0,0.0,,0
221301820925.0,0.80273217,"days_tenure, income, age_in_years",521300660025.0,959.289052,111.0,2022-08-13,48,1974-08-24,32.698035,-97.252344,Fort Worth,TX,Tarrant,32500.0,1.0,15.0,Married,75000 - 99999,1.0,0.0,1.0,2022-03-02,1
221300552638.0,0.8027179,"days_tenure, income, age_in_years",521300204602.0,899.440822,82.0,2022-09-11,40,1982-06-22,33.038968000000004,-97.313217,Justin,TX,Denton,62500.0,1.0,7.0,Married,75000 - 99999,1.0,0.0,1.0,2022-04-15,1
221301939297.0,0.80269766,"days_tenure, age_in_years, income",521300702911.0,917.422002,110.0,2022-08-14,48,1974-10-24,32.73176,-96.836618,Dallas,TX,Dallas,32500.0,1.0,15.0,Married,25000 - 49999,1.0,0.0,1.0,,0
221300082409.0,0.80268747,"days_tenure, income, age_in_years",521300031028.0,1070.167822,82.0,2022-09-11,40,1982-08-22,32.758293,-96.63747,Dallas,TX,Dallas,32500.0,1.0,6.0,Married,75000 - 99999,1.0,1.0,1.0,,0
221302740910.0,0.80267084,"days_tenure, income, age_in_years",521300992106.0,990.599522,82.0,2022-09-11,40,1982-07-23,32.837038,-96.682645,Dallas,TX,Dallas,87500.0,1.0,11.0,Married,125000 - 149999,1.0,0.0,1.0,2022-11-20,1
221300964274.0,0.8026524,"days_tenure, income, age_in_years",521300354250.0,767.158103,86.0,2022-09-07,41,1981-07-23,32.695280000000004,-97.154632,Arlington,TX,Tarrant,80372.176,1.0,2.0,Married,25000 - 49999,1.0,0.0,1.0,2022-06-12,1
221301017492.0,0.802606,"days_tenure, age_in_years, marital_status",521300372339.0,868.003079,174.0,2022-06-11,42,1981-02-20,,,Fort Worth,TX,Tarrant,5000.0,1.0,0.0,Married,50000 - 74999,0.0,0.0,0.0,2022-08-29,1
221302994401.0,0.80259764,"days_tenure, age_in_years, income",521301223961.0,515.010452,137.0,2022-07-18,55,1967-06-27,32.750486,-97.274525,Fort Worth,TX,Tarrant,5000.0,1.0,14.0,Married,75000 - 99999,1.0,0.0,0.0,,0
221302699405.0,0.8025837,"days_tenure, age_in_years, marital_status",521300978464.0,1035.612817,122.0,2022-08-02,51,1971-07-27,,,Dallas,TX,Dallas,5000.0,1.0,6.0,Single,100000 - 124999,1.0,0.0,0.0,2021-12-18,1
221302145981.0,0.802569,"days_tenure, age_in_years, income",521300775994.0,629.067625,111.0,2022-08-13,33,1989-11-20,32.745925,-96.918533,Dallas,TX,Dallas,17500.0,0.0,15.0,Married,50000 - 74999,1.0,0.0,0.0,2022-09-17,1
221302104433.0,0.80255604,"days_tenure, age_in_years, income",521300760871.0,1009.10726,112.0,2022-08-12,48,1974-06-24,32.771228,-97.793801,Weatherford,TX,Parker,32500.0,1.0,15.0,Married,50000 - 74999,1.0,0.0,1.0,,0
221302783909.0,0.80254656,"days_tenure, age_in_years, marital_status",521301013469.0,1139.130607,147.0,2022-07-08,58,1964-09-27,32.707845,-97.318955,Fort Worth,TX,Tarrant,5000.0,0.0,14.0,Married,25000 - 49999,0.0,0.0,0.0,2022-10-31,1
221303085757.0,0.8025424,"days_tenure, age_in_years, marital_status",521301315317.0,768.476244,153.0,2022-07-02,39,1984-01-21,32.693499,-97.341905,Fort Worth,TX,Tarrant,5000.0,0.0,13.0,Single,50000 - 74999,1.0,0.0,0.0,2022-05-11,1
221303291965.0,0.8025402,"days_tenure, age_in_years, income",521301521528.0,599.724065,110.0,2022-08-14,48,1974-11-24,32.916835,-97.286622,Keller,TX,Tarrant,17500.0,1.0,6.0,Married,75000 - 99999,0.0,0.0,0.0,2022-09-26,1
221301827586.0,0.8025366,"days_tenure, age_in_years, marital_status",521300662219.0,747.337661,45.0,2022-10-18,30,1992-09-20,32.80685,-96.756288,Dallas,TX,Dallas,187500.0,0.0,13.0,Married,100000 - 124999,1.0,0.0,1.0,,0
221300824206.0,0.80249834,"days_tenure, income, age_in_years",521300303234.0,804.433378,81.0,2022-09-12,40,1982-09-22,32.975759,-96.894446,Carrollton,TX,Dallas,87500.0,1.0,3.0,Married,125000 - 149999,1.0,0.0,1.0,,0
221300253652.0,0.8024486,"days_tenure, age_in_years, marital_status",521300095847.0,1008.668957,131.0,2022-07-24,54,1969-01-23,32.730289,-97.047855,Arlington,TX,Tarrant,5000.0,1.0,7.0,Married,50000 - 74999,1.0,0.0,0.0,2022-02-28,1
221300883274.0,0.80244744,"days_tenure, income, age_in_years",521300324960.0,640.003582,81.0,2022-09-12,40,1982-11-22,32.65398,-97.14283,Arlington,TX,Tarrant,87500.0,1.0,2.0,Married,100000 - 124999,1.0,0.0,1.0,2022-10-13,1
221303279812.0,0.8024257,"days_tenure, age_in_years, home_value_lower",521301509375.0,722.105769,122.0,2022-08-02,51,1971-09-26,32.853222,-97.357683,,TX,,5000.0,1.0,8.0,Married,150000 - 174999,1.0,0.0,1.0,,0
221302614578.0,0.8024106,"days_tenure, age_in_years, college_degree",521300946866.0,996.368839,92.0,2022-09-01,43,1979-09-24,32.724069,-96.675505,Dallas,TX,Dallas,5000.0,1.0,10.0,Married,50000 - 74999,1.0,1.0,0.0,,0
221301073312.0,0.8024027,"days_tenure, income, home_value_lower",521300391955.0,740.73386,79.0,2022-09-14,40,1983-04-23,32.879689,-96.585089,Rowlett,TX,Dallas,125000.0,0.0,9.0,Married,225000 - 249999,1.0,0.0,1.0,,0
221301159064.0,0.802373,"days_tenure, age_in_years, marital_status",521300422305.0,983.84642,164.0,2022-06-21,63,1959-12-30,32.801972,-97.357847,Fort Worth,TX,Tarrant,5000.0,0.0,15.0,Married,25000 - 49999,1.0,0.0,0.0,2022-10-09,1
221301219286.0,0.8023526,"days_tenure, age_in_years, income",521300443935.0,990.969258,112.0,2022-08-12,49,1974-04-24,32.709208,-97.3283,Fort Worth,TX,Tarrant,12500.0,1.0,3.0,Married,50000 - 74999,1.0,1.0,0.0,2022-06-28,1
221301408757.0,0.80233604,"days_tenure, age_in_years, income",521300512686.0,735.389941,61.0,2022-10-02,35,1988-03-21,,,Dallas,TX,Dallas,5000.0,1.0,11.0,Married,75000 - 99999,0.0,0.0,0.0,2022-07-21,1
221300176993.0,0.80228597,"days_tenure, income, home_market_value",521300067147.0,1086.52747,132.0,2022-07-23,36,1986-12-22,32.783171,-96.832328,Dallas,TX,Dallas,22500.0,1.0,15.0,Married,1000 - 24999,1.0,0.0,0.0,2022-10-26,1
221302729699.0,0.8021875,"days_tenure, income, age_in_years",521300988595.0,811.429645,82.0,2022-09-11,40,1982-08-22,32.881006,-96.709853,Dallas,TX,Dallas,125000.0,0.0,4.0,Married,125000 - 149999,1.0,0.0,1.0,,0
221302233104.0,0.8021356,"days_tenure, income, age_in_years",521300807026.0,1127.734715,83.0,2022-09-10,41,1982-03-22,,,Denton,TX,Denton,22500.0,1.0,2.0,Married,50000 - 74999,1.0,0.0,0.0,,0
221302156826.0,0.80213153,"days_tenure, income, age_in_years",521300779700.0,720.978679,81.0,2022-09-12,40,1982-10-22,32.647999,-97.166583,Arlington,TX,Tarrant,87500.0,1.0,6.0,Married,100000 - 124999,1.0,1.0,1.0,,0
221301887088.0,0.80212855,"days_tenure, age_in_years, marital_status",521300683432.0,916.889985,139.0,2022-07-16,56,1967-01-25,32.716221000000004,-97.238508,Fort Worth,TX,Tarrant,5000.0,1.0,11.0,Married,25000 - 49999,1.0,0.0,0.0,2022-07-22,1
221302963418.0,0.8021009,"days_tenure, age_in_years, marital_status",521301192978.0,1166.005155,62.0,2022-10-01,35,1988-01-20,32.786530000000006,-97.363529,Fort Worth,TX,Tarrant,5000.0,1.0,6.0,Married,25000 - 49999,1.0,0.0,0.0,2022-06-30,1
221302512146.0,0.8020946,"days_tenure, age_in_years, marital_status",521300909854.0,900.032355,136.0,2022-07-19,36,1986-05-21,,,Fort Worth,TX,Tarrant,5000.0,1.0,6.801,Single,150000 - 174999,0.0,0.0,0.0,2022-01-19,1
221301454137.0,0.80206203,"days_tenure, income, age_in_years",521300528931.0,761.830767,122.0,2022-08-02,51,1971-08-26,32.718639,-97.239819,Fort Worth,TX,Tarrant,22500.0,1.0,15.0,Married,25000 - 49999,1.0,0.0,0.0,,0
221302705554.0,0.80206037,"days_tenure, age_in_years, marital_status",521300980599.0,799.049982,129.0,2022-07-26,53,1969-07-26,32.719190000000005,-96.709812,Dallas,TX,Dallas,5000.0,1.0,15.0,Single,75000 - 99999,0.0,0.0,0.0,2022-10-24,1
221302644181.0,0.8020411,"days_tenure, age_in_years, marital_status",521300957803.0,896.21129,89.0,2022-09-04,42,1980-09-23,32.734654,-97.25772,Fort Worth,TX,Tarrant,5000.0,1.0,9.0,Single,25000 - 49999,1.0,0.0,0.0,2022-10-15,1
221301993628.0,0.8020388,"days_tenure, income, age_in_years",521300722014.0,1266.58844,124.0,2022-07-31,52,1970-12-26,32.749645,-97.406141,Fort Worth,TX,Tarrant,32500.0,1.0,15.0,Married,50000 - 74999,1.0,0.0,1.0,,0
221300702840.0,0.8020279,"days_tenure, income, age_in_years",521300258123.0,718.953858,124.0,2022-07-31,52,1970-12-26,32.813936,-96.677972,Dallas,TX,Dallas,22500.0,1.0,11.0,Married,50000 - 74999,1.0,0.0,0.0,2022-11-19,1
221301299888.0,0.8020198,"days_tenure, age_in_years, marital_status",521300473878.0,1014.499024,126.0,2022-07-29,35,1987-09-22,32.759748,-96.747301,Dallas,TX,Dallas,5000.0,0.0,6.801,Single,25000 - 49999,0.0,0.0,0.0,,0
221301139145.0,0.80200136,"days_tenure, income, age_in_years",521300415456.0,1035.519947,160.0,2022-06-25,40,1983-01-21,32.734174,-96.868862,Dallas,TX,Dallas,32500.0,1.0,5.0,Married,25000 - 49999,1.0,1.0,1.0,2022-05-12,1
221301615401.0,0.8019849,"days_tenure, age_in_years, marital_status",521300585832.0,861.215624,87.0,2022-09-06,42,1981-02-20,32.720249,-97.261489,Fort Worth,TX,Tarrant,5000.0,1.0,6.0,Single,50000 - 74999,1.0,0.0,0.0,,0
221302528810.0,0.8019279,"days_tenure, income, home_value_lower",521300916392.0,649.897628,79.0,2022-09-14,40,1983-04-23,,,Mesquite,TX,Dallas,62500.0,0.0,3.0,Married,150000 - 174999,0.0,0.0,1.0,,0
221301719035.0,0.80192167,"days_tenure, income, age_in_years",521300623689.0,1075.003944,82.0,2022-09-11,40,1982-07-23,,,Fort Worth,TX,Tarrant,27500.0,0.0,0.0,Married,,0.0,0.0,1.0,2022-01-12,1
221302337966.0,0.80190194,"days_tenure, income, marital_status",521300845993.0,932.01272,79.0,2022-09-14,40,1983-04-23,32.91042,-96.531043,Rowlett,TX,Dallas,225000.0,0.0,15.0,Married,100000 - 124999,1.0,0.0,1.0,,0
221300374560.0,0.80188,"days_tenure, age_in_years, marital_status",521300141150.0,1127.421996,165.0,2022-06-20,63,1959-09-29,32.686611000000006,-96.836398,Dallas,TX,Dallas,187500.0,0.0,15.0,Married,100000 - 124999,1.0,0.0,1.0,,0
221302991007.0,0.801863,"days_tenure, income, age_in_years",521301220567.0,1113.749447,124.0,2022-07-31,52,1971-02-24,32.712562,-96.819081,Dallas,TX,Dallas,17500.0,1.0,7.0,Married,25000 - 49999,1.0,0.0,1.0,,0
221301833336.0,0.8018587,"days_tenure, income, age_in_years",521300664265.0,829.083765,82.0,2022-09-11,40,1982-06-22,32.964703,-96.796024,Dallas,TX,Dallas,87500.0,1.0,1.0,Married,150000 - 174999,1.0,0.0,1.0,,0
221302215517.0,0.8018266,"days_tenure, income, age_in_years",521300800763.0,881.499662,125.0,2022-07-30,52,1970-09-25,,,Dallas,TX,Dallas,32500.0,1.0,3.0,Married,100000 - 124999,0.0,0.0,0.0,,0
221302198667.0,0.8018252,"days_tenure, income, marital_status",521300794367.0,1180.204559,79.0,2022-09-14,40,1983-04-23,32.851012999999995,-97.397816,Fort Worth,TX,Tarrant,62500.0,1.0,7.0,Married,50000 - 74999,1.0,1.0,1.0,2022-10-28,1
221303048482.0,0.8018139,"days_tenure, income, age_in_years",521301278042.0,996.193155,160.0,2022-06-25,40,1983-01-21,32.814581,-97.325689,Fort Worth,TX,Tarrant,32500.0,1.0,13.0,Married,25000 - 49999,1.0,1.0,0.0,,0
221301424125.0,0.8018094,"days_tenure, income, age_in_years",521300518425.0,848.945251,85.0,2022-09-08,41,1981-08-22,32.808709,-97.291094,Fort Worth,TX,Tarrant,32500.0,1.0,6.0,Married,75000 - 99999,1.0,1.0,1.0,2022-03-12,1
221301009335.0,0.8017968,"days_tenure, age_in_years, income",521300369955.0,962.318441,116.0,2022-08-08,49,1973-05-24,32.756301,-97.280341,Fort Worth,TX,Tarrant,17500.0,1.0,1.0,Married,75000 - 99999,1.0,0.0,1.0,2022-05-22,1
221300061669.0,0.8017907,"days_tenure, income, marital_status",521300022712.0,1042.19391,79.0,2022-09-14,40,1983-04-23,32.73362,-97.008569,Grand Prairie,TX,Dallas,47500.0,1.0,5.0,Married,75000 - 99999,1.0,0.0,1.0,,0
221302911769.0,0.80177975,"days_tenure, income, age_in_years",521301141329.0,1163.55512,81.0,2022-09-12,40,1982-09-22,32.591529,-96.680232,Wilmer,TX,Dallas,27500.0,1.0,3.0,Married,25000 - 49999,0.0,0.0,0.0,,0
221301297985.0,0.8017652,"days_tenure, age_in_years, marital_status",521300473234.0,820.362723,109.0,2022-08-15,48,1975-01-23,32.804415,-97.343401,Fort Worth,TX,Tarrant,5000.0,1.0,15.0,Married,25000 - 49999,1.0,1.0,0.0,2022-02-11,1
221302137037.0,0.8017361,"days_tenure, income, marital_status",521300772605.0,834.786975,79.0,2022-09-14,40,1983-04-23,32.602307,-97.086089,Arlington,TX,Tarrant,87500.0,1.0,8.0,Single,75000 - 99999,1.0,0.0,1.0,2022-05-11,1
221301909915.0,0.8017217,"days_tenure, income, age_in_years",521300692308.0,880.466561,81.0,2022-09-12,40,1982-11-22,32.721735,-97.239684,Fort Worth,TX,Tarrant,12500.0,0.0,13.0,Single,25000 - 49999,1.0,0.0,0.0,2022-07-12,1
221301203587.0,0.80171,"days_tenure, income, age_in_years",521300438476.0,1306.648031,82.0,2022-09-11,40,1982-08-22,32.79065,-96.771659,Dallas,TX,Dallas,17500.0,1.0,15.0,Married,75000 - 99999,1.0,0.0,1.0,,0
221301701131.0,0.80170166,"days_tenure, age_in_years, home_value_lower",521300617081.0,1014.416957,166.0,2022-06-19,63,1959-08-29,32.705237000000004,-96.897317,Dallas,TX,Dallas,5000.0,1.0,7.0,Married,150000 - 174999,0.0,0.0,0.0,2022-02-23,1
221301995313.0,0.8016247,"days_tenure, income, age_in_years",521300722683.0,754.179737,53.0,2022-10-10,32,1990-08-20,32.718123,-97.406318,Fort Worth,TX,Tarrant,22500.0,1.0,15.0,Married,25000 - 49999,1.0,0.0,0.0,,0
221303222293.0,0.80160785,"days_tenure, age_in_years, income",521301451855.0,1074.204968,156.0,2022-06-29,60,1962-05-27,32.730132,-96.698564,Dallas,TX,Dallas,17500.0,1.0,1.0,Married,25000 - 49999,1.0,0.0,0.0,2022-05-11,1
221301770154.0,0.8015872,"days_tenure, age_in_years, marital_status",521300642476.0,985.646855,136.0,2022-07-19,55,1967-11-27,,,Dallas,TX,Dallas,5000.0,1.0,0.0,Single,,0.0,0.0,0.0,2022-08-23,1
221303053648.0,0.8015862,"days_tenure, income, age_in_years",521301283208.0,714.074033,124.0,2022-07-31,52,1971-01-24,32.737801,-96.890006,Dallas,TX,Dallas,22500.0,1.0,12.0,Married,25000 - 49999,1.0,0.0,0.0,,0
221302561946.0,0.80158377,"days_tenure, income, age_in_years",521300928645.0,788.205196,86.0,2022-09-07,41,1981-07-23,32.717979,-96.680451,Dallas,TX,Dallas,32500.0,1.0,12.0,Married,25000 - 49999,1.0,1.0,1.0,2022-05-30,1
221302324591.0,0.8015554,"days_tenure, income, age_in_years",521300841056.0,732.12049,81.0,2022-09-12,40,1982-10-22,,,Dallas,TX,Dallas,80372.176,1.0,0.0,Married,,0.0,1.0,1.0,,0
221301677167.0,0.8015362,"days_tenure, age_in_years, income",521300608576.0,800.905198,110.0,2022-08-14,48,1974-11-24,32.69444,-97.267108,Fort Worth,TX,Tarrant,32500.0,1.0,7.0,Married,50000 - 74999,1.0,0.0,0.0,2022-08-16,1
221301691687.0,0.80151445,"days_tenure, income, age_in_years",521300613664.0,972.581288,122.0,2022-08-02,51,1971-07-27,32.834682,-96.815814,Dallas,TX,Dallas,17500.0,1.0,15.0,Married,200000 - 224999,1.0,0.0,1.0,2022-01-27,1
221301257644.0,0.8014861,"days_tenure, marital_status, age_in_years",521300458338.0,1162.747114,53.0,2022-10-10,32,1990-06-20,32.715817,-97.281454,Fort Worth,TX,Tarrant,5000.0,1.0,5.0,Single,50000 - 74999,0.0,0.0,0.0,,0
221300163092.0,0.8014415,"days_tenure, income, age_in_years",521300061886.0,932.880505,123.0,2022-08-01,51,1971-05-26,32.838848,-96.686653,Dallas,TX,Dallas,32500.0,1.0,15.0,Married,50000 - 74999,1.0,0.0,0.0,,0
221301150188.0,0.80141544,"days_tenure, income, age_in_years",521300419319.0,768.434506,123.0,2022-08-01,51,1971-05-26,32.810607,-96.823398,Dallas,TX,Dallas,12500.0,1.0,6.0,Single,100000 - 124999,0.0,0.0,0.0,,0
221302374323.0,0.80140305,"days_tenure, income, age_in_years",521300859666.0,832.635629,81.0,2022-09-12,40,1982-11-22,32.649151,-97.125401,Arlington,TX,Tarrant,87500.0,0.0,12.0,Married,50000 - 74999,1.0,0.0,1.0,,0
221301376317.0,0.80139065,"days_tenure, age_in_years, marital_status",521300501292.0,1222.966894,86.0,2022-09-07,41,1981-05-22,32.724512,-97.28046,Fort Worth,TX,Tarrant,5000.0,1.0,14.0,Single,25000 - 49999,1.0,1.0,0.0,2022-09-21,1
221301587456.0,0.80137736,"days_tenure, income, age_in_years",521300575319.0,697.738432,89.0,2022-09-04,30,1992-10-20,,,Arlington,TX,Tarrant,27500.0,0.0,0.0,Married,,0.0,0.0,1.0,2022-05-09,1
221303051408.0,0.8013314,"days_tenure, age_in_years, marital_status",521301280968.0,1231.564039,152.0,2022-07-03,59,1963-06-28,32.703658,-97.272186,Fort Worth,TX,Tarrant,5000.0,0.0,1.0,Married,25000 - 49999,0.0,0.0,0.0,2022-03-25,1
221303135718.0,0.8013222,"days_tenure, income, age_in_years",521301365279.0,1017.500245,86.0,2022-09-07,41,1981-07-23,32.667987,-97.110516,Arlington,TX,Tarrant,87500.0,1.0,9.0,Married,75000 - 99999,1.0,0.0,1.0,,0
221302541086.0,0.80132,"days_tenure, income, age_in_years",521300920836.0,1035.818076,83.0,2022-09-10,41,1982-04-22,,,Mckinney,TX,Collin,80372.176,0.0,0.0,Married,,0.0,0.0,1.0,,0
221302736410.0,0.8013181,"days_tenure, income, age_in_years",521300990742.0,1162.720598,83.0,2022-09-10,40,1982-05-22,32.864055,-96.718523,Dallas,TX,Dallas,125000.0,0.0,15.0,Married,100000 - 124999,1.0,0.0,1.0,,0
221300270695.0,0.80130064,"days_tenure, income, age_in_years",521300102517.0,1093.923037,83.0,2022-09-10,40,1982-05-22,33.232212,-96.958543,Aubrey,TX,Denton,62500.0,0.0,0.0,Married,100000 - 124999,0.0,0.0,1.0,,0
221303063216.0,0.801287,"days_tenure, age_in_years, home_value_lower",521301292776.0,1238.51966,89.0,2022-09-04,42,1980-07-24,33.021369,-96.59657,Plano,TX,Collin,187500.0,1.0,7.0,Married,225000 - 249999,1.0,0.0,1.0,2022-05-01,1
221303062481.0,0.8012768,"days_tenure, income, age_in_years",521301292041.0,827.027548,82.0,2022-09-11,40,1982-06-22,33.046491,-97.049014,Flower Mound,TX,Denton,62500.0,1.0,10.0,Married,75000 - 99999,1.0,0.0,1.0,2022-07-22,1
221300536225.0,0.80125225,"days_tenure, income, age_in_years",521300198378.0,1099.730117,126.0,2022-07-29,52,1970-05-25,32.721877,-96.848863,Dallas,TX,Dallas,17500.0,1.0,3.0,Married,75000 - 99999,1.0,0.0,1.0,2022-11-19,1
221302974998.0,0.8012489,"days_tenure, age_in_years, income",521301204558.0,964.758014,112.0,2022-08-12,48,1974-06-24,32.797249,-97.379263,Fort Worth,TX,Tarrant,17500.0,0.0,6.801,Single,50000 - 74999,0.0,0.0,0.0,,0
221302357460.0,0.80124795,"days_tenure, income, age_in_years",521300853389.0,1101.64197,126.0,2022-07-29,52,1970-07-26,32.90374799999999,-96.613968,Garland,TX,Dallas,12500.0,1.0,15.0,Married,50000 - 74999,1.0,0.0,0.0,2022-11-18,1
221302934380.0,0.80124134,"days_tenure, age_in_years, college_degree",521301163940.0,1017.667273,142.0,2022-07-13,57,1966-01-24,32.758468,-96.813303,Dallas,TX,Dallas,5000.0,1.0,5.0,Married,50000 - 74999,1.0,1.0,0.0,,0
221301512184.0,0.80124104,"days_tenure, income, age_in_years",521300549319.0,1160.456453,52.0,2022-10-11,32,1990-09-20,32.705017000000005,-97.274073,Fort Worth,TX,Tarrant,12500.0,1.0,4.0,Married,25000 - 49999,1.0,0.0,0.0,,0
221302756008.0,0.80121094,"days_tenure, age_in_years, income",521300998226.0,1035.162787,136.0,2022-07-19,36,1986-05-21,32.673873,-97.087169,,TX,,17500.0,0.0,5.0,Married,1000000 Plus,1.0,0.0,0.0,,0
221302689801.0,0.8011891,"days_tenure, income, age_in_years",521300975007.0,972.020825,143.0,2022-07-12,37,1985-05-21,32.714292,-97.325493,Fort Worth,TX,Tarrant,22500.0,0.0,15.0,Married,25000 - 49999,1.0,0.0,0.0,,0
221301202182.0,0.8011776,"days_tenure, age_in_years, marital_status",521300437927.0,1217.638377,164.0,2022-06-21,63,1960-01-27,32.709146000000004,-97.288484,Fort Worth,TX,Tarrant,5000.0,0.0,15.0,Married,25000 - 49999,1.0,0.0,0.0,2022-01-22,1
221303042105.0,0.80116975,"days_tenure, income, age_in_years",521301271665.0,1043.512845,82.0,2022-09-11,40,1982-07-23,32.697399000000004,-97.077812,Arlington,TX,Tarrant,87500.0,0.0,8.0,Married,75000 - 99999,1.0,0.0,1.0,,0
221301082180.0,0.8011595,"days_tenure, income, age_in_years",521300395233.0,1161.3057,81.0,2022-09-12,40,1982-10-22,33.202353,-96.65404,Mckinney,TX,Collin,87500.0,1.0,6.0,Married,100000 - 124999,1.0,0.0,1.0,,0
221300337300.0,0.8011333,"days_tenure, age_in_years, marital_status",521300126888.0,787.683412,133.0,2022-07-22,54,1968-07-27,32.794883,-96.744081,Dallas,TX,Dallas,5000.0,1.0,10.0,Married,50000 - 74999,1.0,1.0,0.0,2022-10-20,1
221302970585.0,0.8011114,"days_tenure, age_in_years, college_degree",521301200145.0,973.749821,136.0,2022-07-19,55,1967-08-27,32.796217,-97.352481,Fort Worth,TX,Tarrant,5000.0,1.0,12.0,Married,25000 - 49999,1.0,1.0,0.0,2022-05-02,1
221301395425.0,0.8010944,"days_tenure, income, age_in_years",521300508683.0,970.638848,106.0,2022-08-18,32,1990-06-20,,,Carrollton,TX,Dallas,27500.0,1.0,0.0,Married,,0.0,0.0,1.0,2022-08-30,1
221302481625.0,0.801047,"days_tenure, age_in_years, marital_status",521300898809.0,858.350469,110.0,2022-08-14,48,1974-10-24,,,Dallas,TX,Dallas,5000.0,0.0,5.0,Single,50000 - 74999,0.0,0.0,0.0,,0
221301684927.0,0.8009303,"days_tenure, income, age_in_years",521300611219.0,781.044098,81.0,2022-09-12,40,1982-10-22,32.841417,-96.616524,Garland,TX,Dallas,87500.0,0.0,3.0,Married,100000 - 124999,1.0,0.0,1.0,,0
221303241734.0,0.8009243,"days_tenure, age_in_years, college_degree",521301471296.0,1176.384911,153.0,2022-07-02,39,1984-01-21,32.749606,-96.83147,Dallas,TX,Dallas,5000.0,1.0,11.0,Married,75000 - 99999,1.0,1.0,0.0,2022-10-20,1
221303282230.0,0.80089027,"days_tenure, income, age_in_years",521301511793.0,743.507392,83.0,2022-09-10,41,1982-04-22,32.684295000000006,-97.263636,Fort Worth,TX,Tarrant,32500.0,1.0,6.0,Married,75000 - 99999,0.0,1.0,0.0,2022-05-26,1
221302410678.0,0.8008896,"days_tenure, age_in_years, income",521300873368.0,1121.27984,136.0,2022-07-19,36,1986-05-21,,,Dallas,TX,Dallas,32500.0,1.0,0.0,Married,,0.0,0.0,0.0,2022-10-22,1
221300931909.0,0.80086136,"days_tenure, age_in_years, income",521300342645.0,972.483208,143.0,2022-07-12,37,1985-06-21,32.79299700000001,-97.27752,Haltom City,TX,Tarrant,27500.0,0.0,9.0,Single,50000 - 74999,1.0,0.0,0.0,,0
221300959400.0,0.8008378,"days_tenure, age_in_years, marital_status",521300352443.0,744.956952,166.0,2022-06-19,63,1959-06-29,32.788576,-97.330848,Fort Worth,TX,Tarrant,5000.0,0.0,11.0,Married,25000 - 49999,1.0,0.0,0.0,2022-06-22,1
221303039097.0,0.80079955,"days_tenure, age_in_years, income",521301268657.0,660.04786,118.0,2022-08-06,50,1972-08-25,32.723422,-97.280869,Fort Worth,TX,Tarrant,27500.0,1.0,6.0,Single,25000 - 49999,0.0,0.0,0.0,2022-11-19,1
221301086978.0,0.80079556,"days_tenure, income, age_in_years",521300397062.0,1011.176429,106.0,2022-08-18,32,1990-07-21,32.707334,-97.164759,Arlington,TX,Tarrant,87500.0,0.0,15.0,Married,100000 - 124999,1.0,0.0,1.0,,0
221303107187.0,0.80077195,"days_tenure, income, age_in_years",521301336748.0,898.392723,83.0,2022-09-10,41,1982-04-22,32.785744,-96.730473,Dallas,TX,Dallas,12500.0,0.0,10.0,Single,50000 - 74999,0.0,0.0,0.0,,0
221301252912.0,0.8007534,"days_tenure, age_in_years, marital_status",521300456566.0,971.486725,36.0,2022-10-27,28,1995-03-20,,,Dallas,TX,Dallas,5000.0,1.0,0.0,Married,,0.0,0.0,0.0,2021-12-24,1
221300235010.0,0.8007041,"days_tenure, income, age_in_years",521300089090.0,804.215011,84.0,2022-09-09,41,1981-11-22,32.73033100000001,-97.093054,Arlington,TX,Tarrant,22500.0,1.0,3.0,Married,50000 - 74999,0.0,0.0,0.0,,0
221302022922.0,0.80067545,"days_tenure, income, age_in_years",521300732179.0,867.802745,81.0,2022-09-12,40,1982-10-22,33.011148,-96.619624,Plano,TX,Collin,87500.0,0.0,3.0,Married,100000 - 124999,1.0,0.0,1.0,,0
221301522476.0,0.8006095,"days_tenure, age_in_years, marital_status",521300552967.0,1094.437176,110.0,2022-08-14,48,1974-11-24,,,Dallas,TX,Dallas,5000.0,1.0,4.0,Single,50000 - 74999,0.0,0.0,0.0,2022-10-20,1
221301682570.0,0.80057436,"days_tenure, income, age_in_years",521300610424.0,1000.8173,125.0,2022-07-30,52,1970-09-25,32.816208,-96.964189,Irving,TX,Dallas,32500.0,1.0,15.0,Married,75000 - 99999,1.0,0.0,0.0,,0
221300499350.0,0.8005264,"days_tenure, income, age_in_years",521300185829.0,922.515262,81.0,2022-09-12,40,1982-10-22,32.91077,-96.597438,Garland,TX,Dallas,87500.0,1.0,13.0,Married,100000 - 124999,1.0,0.0,1.0,,0
221301790625.0,0.8004884,"days_tenure, income, age_in_years",521300649305.0,786.324863,124.0,2022-07-31,52,1971-02-24,32.6917,-96.781235,Dallas,TX,Dallas,32500.0,1.0,15.0,Married,50000 - 74999,1.0,0.0,0.0,,0
221301385362.0,0.80048394,"days_tenure, age_in_years, marital_status",521300504837.0,1000.654764,133.0,2022-07-22,54,1968-08-26,32.739375,-97.269336,Fort Worth,TX,Tarrant,5000.0,1.0,12.0,Married,25000 - 49999,1.0,1.0,0.0,2022-04-19,1
221301426247.0,0.8004615,"days_tenure, income, age_in_years",521300519243.0,723.189153,126.0,2022-07-29,52,1970-07-26,32.640526,-96.81398,Lancaster,TX,Dallas,32500.0,0.0,15.0,Married,50000 - 74999,1.0,0.0,1.0,2022-05-29,1
221301452748.0,0.80043733,"days_tenure, age_in_years, marital_status",521300528407.0,756.4953,67.0,2022-09-26,27,1995-11-20,32.815646,-97.408304,Fort Worth,TX,Tarrant,5000.0,1.0,4.0,Single,75000 - 99999,0.0,0.0,0.0,2022-07-19,1
221302386440.0,0.80042565,"days_tenure, age_in_years, income",521300864294.0,907.148576,152.0,2022-07-03,39,1984-03-22,32.780748,-96.688135,Dallas,TX,Dallas,12500.0,1.0,12.0,Married,25000 - 49999,1.0,0.0,0.0,,0
221302966128.0,0.80038255,"days_tenure, age_in_years, marital_status",521301195688.0,921.098037,137.0,2022-07-18,55,1967-05-27,32.699875,-96.778149,Dallas,TX,Dallas,5000.0,0.0,3.0,Single,25000 - 49999,0.0,0.0,0.0,,0
221302063628.0,0.80035263,"days_tenure, income, age_in_years",521300746671.0,806.387783,85.0,2022-09-08,41,1981-09-22,32.681184,-97.258592,Fort Worth,TX,Tarrant,12500.0,1.0,15.0,Married,50000 - 74999,1.0,0.0,1.0,,0
221303095902.0,0.8003492,"days_tenure, age_in_years, income",521301325463.0,680.579205,111.0,2022-08-13,48,1974-07-25,32.679302,-97.36388,Fort Worth,TX,Tarrant,32500.0,0.0,15.0,Married,50000 - 74999,1.0,0.0,1.0,,0
221302962593.0,0.800324,"days_tenure, income, age_in_years",521301192153.0,1072.673551,122.0,2022-08-02,51,1971-06-26,,,Dallas,TX,Dallas,32500.0,1.0,0.0,Married,,0.0,0.0,0.0,2022-07-31,1
221300291601.0,0.80032074,"days_tenure, income, age_in_years",521300110256.0,1010.76201,83.0,2022-09-10,40,1982-05-22,32.946418,-97.285408,Keller,TX,Tarrant,87500.0,1.0,5.0,Married,100000 - 124999,1.0,0.0,0.0,,0
221301488038.0,0.8002982,"days_tenure, age_in_years, income",521300540646.0,892.493229,108.0,2022-08-16,33,1990-03-20,32.691112000000004,-97.328465,Fort Worth,TX,Tarrant,12500.0,1.0,5.0,Married,25000 - 49999,1.0,0.0,0.0,,0
221301658172.0,0.8002534,"days_tenure, income, age_in_years",521300601715.0,869.717968,81.0,2022-09-12,40,1982-12-23,32.713144,-97.420581,Fort Worth,TX,Tarrant,125000.0,0.0,13.0,Married,100000 - 124999,1.0,0.0,1.0,2022-02-27,1
221301272719.0,0.8002397,"days_tenure, income, age_in_years",521300464120.0,1025.64055,100.0,2022-08-24,32,1991-04-21,33.022396,-97.091461,Flower Mound,TX,Denton,87500.0,0.0,8.0,Married,125000 - 149999,1.0,0.0,1.0,2022-11-25,1
221301762317.0,0.80022526,"days_tenure, income, age_in_years",521300639728.0,964.967501,82.0,2022-09-11,40,1982-08-22,33.008237,-97.21128,Roanoke,TX,Denton,87500.0,0.0,7.0,Married,100000 - 124999,1.0,0.0,1.0,2022-01-11,1
221302107765.0,0.800201,"days_tenure, income, age_in_years",521300762032.0,881.624217,82.0,2022-09-11,40,1982-06-22,32.71324,-96.720005,Dallas,TX,Dallas,22500.0,1.0,10.0,Married,25000 - 49999,1.0,1.0,0.0,,0
221301021499.0,0.80019027,"days_tenure, age_in_years, marital_status",521300373738.0,823.115608,125.0,2022-07-30,35,1987-12-23,32.730672000000006,-96.763237,Dallas,TX,Dallas,5000.0,0.0,6.801,Single,25000 - 49999,0.0,0.0,0.0,,0
221301532591.0,0.800135,"days_tenure, age_in_years, marital_status",521300555908.0,608.239985,156.0,2022-06-29,60,1962-05-27,32.707418999999994,-96.789423,Dallas,TX,Dallas,5000.0,0.0,15.0,Married,50000 - 74999,1.0,0.0,0.0,,0
221300710205.0,0.8001256,"days_tenure, income, age_in_years",521300260766.0,1152.916866,82.0,2022-09-11,40,1982-08-22,32.744666,-96.681666,Dallas,TX,Dallas,32500.0,0.0,13.0,Married,50000 - 74999,1.0,1.0,0.0,2022-04-08,1
221300300718.0,0.8001142,"days_tenure, income, age_in_years",521300113653.0,824.638621,125.0,2022-07-30,52,1970-09-25,,,Dallas,TX,Dallas,22500.0,0.0,5.0,Married,50000 - 74999,0.0,0.0,0.0,2022-06-28,1
221300934791.0,0.80003417,"days_tenure, age_in_years, marital_status",521300343806.0,965.063303,140.0,2022-07-15,56,1966-10-26,32.755127,-96.754873,Dallas,TX,Dallas,5000.0,0.0,1.0,Married,50000 - 74999,1.0,0.0,0.0,2022-10-10,1
221300394871.0,0.8000314,"days_tenure, age_in_years, income",521300148475.0,1022.349166,102.0,2022-08-22,32,1991-01-19,,,Dallas,TX,Dallas,17500.0,0.0,2.0,Single,450000 - 499999,0.0,0.0,0.0,,0
221300987689.0,0.8000241,"days_tenure, income, age_in_years",521300362294.0,1269.506847,159.0,2022-06-26,40,1983-04-23,,,Fort Worth,TX,Tarrant,17500.0,1.0,0.0,Married,,0.0,0.0,1.0,,0
221300713091.0,0.8000208,"days_tenure, income, college_degree",521300261783.0,554.919982,79.0,2022-09-14,40,1983-04-23,32.923217,-96.60244,Garland,TX,Dallas,62500.0,1.0,11.0,Married,75000 - 99999,1.0,1.0,1.0,,0
221300893862.0,0.79998857,"days_tenure, age_in_years, home_market_value",521300328945.0,900.551076,134.0,2022-07-21,54,1968-05-26,32.720428,-96.782878,Dallas,TX,Dallas,5000.0,1.0,15.0,Married,1000 - 24999,1.0,0.0,0.0,,0
221302089741.0,0.7999783,"days_tenure, income, age_in_years",521300755476.0,942.168597,83.0,2022-09-10,41,1982-03-22,,,Dallas,TX,Dallas,80372.176,0.0,2.0,Married,100000 - 124999,0.0,0.0,0.0,2022-04-19,1
221301765219.0,0.7999684,"days_tenure, age_in_years, income",521300640732.0,516.761434,101.0,2022-08-23,45,1977-06-23,32.732657,-97.246202,Fort Worth,TX,Tarrant,5000.0,1.0,4.0,Married,25000 - 49999,1.0,0.0,0.0,2022-05-25,1
221302830849.0,0.7999643,"days_tenure, age_in_years, income",521301060409.0,950.023585,97.0,2022-08-27,44,1978-05-23,32.844183,-96.689878,Dallas,TX,Dallas,17500.0,1.0,4.0,Married,50000 - 74999,1.0,0.0,0.0,,0
221302463511.0,0.79993945,"days_tenure, age_in_years, income",521300892605.0,1010.715081,143.0,2022-07-12,57,1965-11-26,32.656433,-96.831955,Dallas,TX,Dallas,27500.0,1.0,11.0,Married,50000 - 74999,1.0,0.0,0.0,,0
221302604128.0,0.79993826,"days_tenure, age_in_years, marital_status",521300943227.0,819.557753,78.0,2022-09-15,39,1983-08-23,32.720641,-96.675944,Dallas,TX,Dallas,5000.0,1.0,15.0,Married,25000 - 49999,1.0,0.0,0.0,2022-05-11,1
221300356254.0,0.7999373,"days_tenure, age_in_years, marital_status",521300134269.0,949.188247,142.0,2022-07-13,57,1966-03-26,32.730418,-96.814817,Dallas,TX,Dallas,5000.0,0.0,10.0,Married,50000 - 74999,1.0,0.0,0.0,,0
221302442409.0,0.79993117,"days_tenure, age_in_years, marital_status",521300884869.0,703.551024,68.0,2022-09-25,36,1986-05-21,,,Dallas,TX,Dallas,5000.0,1.0,1.0,Married,100000 - 124999,1.0,0.0,0.0,2021-12-17,1
221301816044.0,0.7999099,"days_tenure, income, age_in_years",521300658331.0,808.846182,85.0,2022-09-08,41,1981-09-22,32.809321000000004,-97.382015,Fort Worth,TX,Tarrant,22500.0,1.0,3.0,Married,50000 - 74999,1.0,0.0,1.0,,0
221301633235.0,0.7998978,"days_tenure, age_in_years, marital_status",521300592550.0,958.375427,132.0,2022-07-23,54,1968-10-26,32.727053000000005,-97.264128,Fort Worth,TX,Tarrant,5000.0,0.0,15.0,Married,50000 - 74999,1.0,0.0,0.0,,0
221301462773.0,0.79988605,"days_tenure, home_value_lower, age_in_years",521300532064.0,1248.367353,129.0,2022-07-26,36,1987-04-22,32.684467,-97.006109,Grand Prairie,TX,Dallas,187500.0,1.0,15.0,Married,225000 - 249999,1.0,1.0,1.0,2022-10-16,1
221301166250.0,0.79988587,"days_tenure, income, age_in_years",521300425026.0,933.129504,125.0,2022-07-30,52,1970-10-25,32.734413,-97.153974,Arlington,TX,Tarrant,125000.0,1.0,2.0,Married,100000 - 124999,1.0,0.0,1.0,2022-07-20,1
221302524329.0,0.79985803,"days_tenure, age_in_years, income",521300914648.0,1192.453764,111.0,2022-08-13,48,1974-07-25,32.803442000000004,-96.711821,Dallas,TX,Dallas,12500.0,0.0,12.0,Married,100000 - 124999,0.0,0.0,0.0,2022-05-29,1
221300017311.0,0.79985577,"days_tenure, income, age_in_years",521300005758.0,959.3543,89.0,2022-09-04,30,1992-10-20,,,Denton,TX,Denton,22500.0,0.0,2.0,Married,100000 - 124999,0.0,0.0,0.0,2022-10-02,1
221301538351.0,0.7998361,"days_tenure, age_in_years, income",521300558133.0,1196.559716,133.0,2022-07-22,36,1986-10-21,32.806781,-96.78011,Dallas,TX,Dallas,17500.0,1.0,15.0,Married,25000 - 49999,1.0,0.0,1.0,,0
221301773531.0,0.79978585,"days_tenure, age_in_years, marital_status",521300643773.0,1024.567036,77.0,2022-09-16,28,1994-06-19,,,Dallas,TX,Dallas,5000.0,1.0,6.0,Single,50000 - 74999,0.0,0.0,0.0,2022-02-01,1
221301045506.0,0.7997633,"days_tenure, income, age_in_years",521300381911.0,952.128108,85.0,2022-09-08,41,1981-08-22,32.773771,-97.300539,Fort Worth,TX,Tarrant,22500.0,1.0,5.0,Married,75000 - 99999,1.0,1.0,0.0,2022-01-02,1
221301644665.0,0.7997631,"days_tenure, age_in_years, home_value_lower",521300596737.0,648.979604,127.0,2022-07-28,53,1970-04-25,32.772925,-97.120224,Arlington,TX,Tarrant,187500.0,1.0,6.0,Married,125000 - 149999,1.0,0.0,1.0,,0
221300713788.0,0.79973125,"days_tenure, income, age_in_years",521300262054.0,934.252719,83.0,2022-09-10,41,1982-04-22,,,Carrollton,TX,Denton,80372.176,0.0,0.0,Married,,0.0,0.0,0.0,2022-05-17,1
221302419035.0,0.7997242,"days_tenure, age_in_years, marital_status",521300876376.0,844.594347,126.0,2022-07-29,52,1970-05-25,32.648797,-97.321834,Fort Worth,TX,Tarrant,5000.0,0.0,3.0,Single,50000 - 74999,0.0,0.0,1.0,,0
221302928320.0,0.7996733,"days_tenure, income, age_in_years",521301157880.0,855.276324,125.0,2022-07-30,52,1970-10-25,32.767866999999995,-96.906626,Dallas,TX,Dallas,12500.0,1.0,1.0,Married,75000 - 99999,1.0,1.0,0.0,2022-12-02,1
221301354530.0,0.7996698,"days_tenure, age_in_years, college_degree",521300493768.0,1001.743586,112.0,2022-08-12,49,1974-03-24,32.82438,-97.000154,Irving,TX,Dallas,5000.0,1.0,0.0,Married,100000 - 124999,1.0,1.0,0.0,2022-06-02,1
221300227330.0,0.7996461,"days_tenure, income, age_in_years",521300086085.0,1321.900237,100.0,2022-08-24,32,1991-04-21,32.914407000000004,-96.707976,Dallas,TX,Dallas,80372.176,0.0,3.0,Married,100000 - 124999,0.0,1.0,1.0,2022-09-09,1
221300152795.0,0.79961383,"days_tenure, income, age_in_years",521300057964.0,861.09394,159.0,2022-06-26,40,1983-03-23,33.122038,-96.623618,Allen,TX,Collin,87500.0,1.0,2.0,Married,100000 - 124999,1.0,0.0,1.0,2022-03-01,1
221301209662.0,0.79960024,"days_tenure, income, age_in_years",521300440422.0,904.601397,82.0,2022-09-11,40,1982-08-22,32.837967000000006,-96.779864,Dallas,TX,Dallas,32500.0,1.0,1.0,Married,450000 - 499999,0.0,1.0,1.0,2022-09-01,1
221302706179.0,0.79959416,"days_tenure, income, marital_status",521300980793.0,617.59078,79.0,2022-09-14,40,1983-04-23,32.539518,-97.127818,Mansfield,TX,Tarrant,70000.0,1.0,0.0,Married,100000 - 124999,1.0,0.0,1.0,2022-03-14,1
221303072814.0,0.7995812,"days_tenure, age_in_years, income",521301302374.0,1171.454064,137.0,2022-07-18,37,1986-04-21,32.689851999999995,-96.816508,Dallas,TX,Dallas,12500.0,1.0,7.0,Married,25000 - 49999,1.0,0.0,0.0,2022-08-31,1
221301039086.0,0.79956347,"days_tenure, income, age_in_years",521300379505.0,879.926642,113.0,2022-08-11,49,1974-02-22,32.803717,-96.827624,Dallas,TX,Dallas,22500.0,1.0,12.0,Married,125000 - 149999,0.0,0.0,0.0,2022-04-18,1
221302460879.0,0.79953283,"days_tenure, age_in_years, marital_status",521300891643.0,1170.139588,132.0,2022-07-23,54,1968-10-26,32.741350000000004,-96.687035,Dallas,TX,Dallas,5000.0,1.0,2.0,Married,50000 - 74999,1.0,0.0,0.0,2022-09-13,1
221303084403.0,0.7994694,"days_tenure, income, age_in_years",521301313963.0,1109.105405,83.0,2022-09-10,40,1982-05-22,33.041984,-96.617785,Plano,TX,Collin,80372.176,0.0,0.0,Married,50000 - 74999,1.0,0.0,1.0,2022-11-08,1
221302247260.0,0.7994481,"days_tenure, income, age_in_years",521300812356.0,620.639518,81.0,2022-09-12,40,1982-12-23,32.668442,-97.220434,Arlington,TX,Tarrant,27500.0,1.0,5.0,Married,50000 - 74999,1.0,0.0,1.0,,0
221301677232.0,0.7994367,"days_tenure, age_in_years, income",521300608601.0,848.545245,35.0,2022-10-28,27,1995-05-20,32.673955,-96.738255,Dallas,TX,Dallas,27500.0,1.0,15.0,Married,50000 - 74999,1.0,0.0,0.0,,0
221303301117.0,0.79942554,"days_tenure, income, age_in_years",521301530681.0,989.148797,123.0,2022-08-01,52,1971-04-26,32.68603,-97.330187,Fort Worth,TX,Tarrant,32500.0,1.0,7.0,Married,100000 - 124999,1.0,1.0,1.0,,0
221301664862.0,0.7994231,"days_tenure, age_in_years, marital_status",521300604239.0,652.287253,134.0,2022-07-21,55,1968-04-26,32.700111,-97.26923,Fort Worth,TX,Tarrant,5000.0,0.0,14.0,Single,50000 - 74999,1.0,0.0,0.0,2022-07-27,1
221301296161.0,0.7994214,"days_tenure, home_value_lower, income",521300472715.0,1007.071775,123.0,2022-08-01,52,1971-03-26,32.844392,-96.787177,Dallas,TX,Dallas,250000.0,1.0,10.0,Married,225000 - 249999,1.0,0.0,1.0,,0
221302767689.0,0.7993903,"days_tenure, age_in_years, college_degree",521301003442.0,808.2702,65.0,2022-09-28,36,1987-04-22,32.790152000000006,-97.345535,Fort Worth,TX,Tarrant,5000.0,1.0,2.0,Married,50000 - 74999,0.0,1.0,0.0,,0
221300068098.0,0.79938203,"days_tenure, income, age_in_years",521300025273.0,1120.313963,85.0,2022-09-08,41,1981-10-22,32.809013,-96.912956,Irving,TX,Dallas,32500.0,1.0,5.0,Married,100000 - 124999,1.0,0.0,0.0,,0
221301910827.0,0.7993313,"days_tenure, age_in_years, marital_status",521300692689.0,1258.470411,165.0,2022-06-20,63,1959-09-29,32.726185,-97.312779,Fort Worth,TX,Tarrant,5000.0,0.0,14.0,Married,50000 - 74999,1.0,0.0,0.0,,0
221300706552.0,0.7992967,"days_tenure, income, college_degree",521300259526.0,796.125493,79.0,2022-09-14,40,1983-04-23,32.82602000000001,-96.941083,Irving,TX,Dallas,17500.0,1.0,11.0,Married,50000 - 74999,1.0,1.0,1.0,,0
221303002680.0,0.7992967,"days_tenure, income, marital_status",521301232240.0,1019.671297,79.0,2022-09-14,40,1983-04-23,32.717687000000005,-96.88505,Dallas,TX,Dallas,52500.0,1.0,6.0,Married,75000 - 99999,1.0,0.0,0.0,2022-07-24,1
221302043446.0,0.79929036,"days_tenure, age_in_years, marital_status",521300739283.0,1183.97941,61.0,2022-10-02,35,1988-03-21,32.7383,-97.400083,Fort Worth,TX,Tarrant,5000.0,0.0,15.0,Married,50000 - 74999,1.0,0.0,0.0,,0
221302873759.0,0.79928917,"days_tenure, income, home_value_lower",521301103319.0,1075.704333,79.0,2022-09-14,40,1983-04-23,32.986267000000005,-96.509541,Wylie,TX,Collin,87500.0,1.0,13.0,Married,25000 - 49999,1.0,0.0,1.0,,0
221303161103.0,0.7992198,"days_tenure, age_in_years, marital_status",521301390665.0,946.278632,117.0,2022-08-07,50,1972-11-25,32.708725,-97.119414,Arlington,TX,Tarrant,5000.0,1.0,3.0,Single,25000 - 49999,1.0,0.0,0.0,2022-09-30,1
221303250759.0,0.79918337,"days_tenure, income, age_in_years",521301480322.0,935.011066,83.0,2022-09-10,41,1982-04-22,32.738820999999994,-96.666981,Dallas,TX,Dallas,12500.0,0.0,14.0,Single,25000 - 49999,1.0,0.0,0.0,,0
221303279264.0,0.79917324,"days_tenure, age_in_years, income",521301508827.0,1017.693943,111.0,2022-08-13,48,1974-08-24,32.776731,-96.805155,,TX,,17500.0,0.0,11.0,Married,150000 - 174999,1.0,0.0,0.0,2022-02-14,1
221301123342.0,0.79915994,"days_tenure, age_in_years, marital_status",521300409730.0,924.314476,150.0,2022-07-05,59,1963-12-29,32.758854,-96.770606,Dallas,TX,Dallas,5000.0,1.0,15.0,Married,50000 - 74999,1.0,1.0,0.0,,0
221302772850.0,0.79911625,"days_tenure, age_in_years, marital_status",521301005743.0,745.975389,131.0,2022-07-24,36,1987-01-20,,,,TX,,5000.0,1.0,0.0,Single,,0.0,0.0,0.0,,0
221302188757.0,0.7991065,"days_tenure, income, age_in_years",521300791019.0,1091.91159,82.0,2022-09-11,40,1982-08-22,32.963465,-96.739711,Richardson,TX,Dallas,87500.0,0.0,5.0,Married,125000 - 149999,1.0,0.0,1.0,2022-06-23,1
221300760530.0,0.79909337,"days_tenure, income, age_in_years",521300278931.0,1075.396419,82.0,2022-09-11,40,1982-07-23,,,Mesquite,TX,Dallas,32500.0,0.0,15.0,Married,25000 - 49999,1.0,0.0,0.0,2021-12-19,1
